,focal_resource,gitonga_s,gitonga_p,portuguese,scientific,family,phylum,category,focal,sg_dep_median,sg_dep_cat,prop_cap_hot,prop_cap_cold,days_hot,days_cold,cap_daily_hot,cap_daily_cold,cap_monthly_hot,cap_monthly_cold,cap_income_hot,cap_income_cold,val_trade_hot,val_trade_cold,activity_income_hot,activity_income_cold,income_fr_hot,income_fr_cold,tot_income_hot,tot_income_cold,prop_income_hot,prop_income_cold,id,ccp,gender,fish_pract,pract_cat,seagrass
173,01,hili,mihili,pescadinha,Sillago sihama,Sillaginidae,bony fish,fish,1.0,0.0,none,0.2,0.1666666666666666,2.0,4.0,3.0,2.0,12.0,16.0,160.0,200.0,0.0,0.0,600.0,600.0,160.0,200.0,760.0,800.0,0.21052631578947367,0.25,14022023SAHB06,sahane,m,hand_line,fish,0.0
214,01,hili,mihili,pescadinha,Sillago sihama,Sillaginidae,bony fish,fish,1.0,0.0,none,0.0333333333333333,0.3333333333333333,3.0,3.0,15.0,18.0,90.0,108.0,584.9999999999999,486.00000000000006,0.0,0.0,0.0,1250.0,584.9999999999999,486.00000000000006,48326.666666666664,6302.666666666666,0.012105117947303075,0.07711021789718639,01022023MORB07,morrumbene,m,drag_net,fish,0.0
219,01,hili,mihili,pescadinha,Sillago sihama,Sillaginidae,bony fish,fish,1.0,0.0,none,0.5333333333333333,0.1333333333333333,7.0,8.0,3.0,8.0,42.0,128.0,4900.0,12800.0,0.0,0.0,0.0,0.0,4900.0,12800.0,11566.666666666668,27800.0,0.4236311239193083,0.460431654676259,08032023MORB08,morrumbene,m,hand_line,fish,0.0
252,01,hili,mihili,pescadinha,Sillago sihama,Sillaginidae,bony fish,fish,1.0,0.0,none,0.1666666666666666,0.0666666666666666,5.0,2.0,24.0,18.0,240.0,72.0,3300.0,990.0,0.0,0.0,0.0,0.0,3300.0,990.0,47696.0,28390.0,0.06918819188191883,0.03487143360338147,07022023CUGB04,kuguana,f,drag_net,fish,0.0
112,01,hili,mihili,pescadinha,Sillago sihama,Sillaginidae,bony fish,fish,1.0,0.0,none,0.0666666666666666,0.0666666666666666,1.0,1.0,,,,,0.0,0.0,0.0,0.0,0.0,0.0,0.0,0.0,4180.0,4737.333333333333,0.0,0.0,31012023MUCB06,mucucune,m,gill_net,fish,0.0
221,01,hili,mihili,pescadinha,Sillago sihama,Sillaginidae,bony fish,fish,1.0,0.0,none,0.2333333333333333,0.2333333333333333,7.0,7.0,7.5,7.0,105.0,98.0,12600.0,17640.0,0.0,0.0,0.0,0.0,12600.0,17640.0,27960.0,26640.0,0.45064377682403434,0.6621621621621622,18022023ILHB01,ilha,m,fence_trap,fish,0.0
37,01,hili,mihili,pescadinha,Sillago sihama,Sillaginidae,bony fish,fish,1.0,0.0,none,0.3333333333333333,0.0666666666666666,1.0,1.0,1.0,0.5,2.0,1.0,33.33333333333333,16.666666666666664,0.0,0.0,600.0,600.0,33.33333333333333,16.666666666666664,733.3333333333333,666.6666666666666,0.045454545454545456,0.024999999999999998,04022023CHAB02,chamane,m,hand_line,fish,0.0
40,01,hili,mihili,pescadinha,Sillago sihama,Sillaginidae,bony fish,fish,1.0,0.0,none,0.2666666666666666,0.0666666666666666,4.0,3.0,7.0,2.0,56.0,12.0,5040.0,1223.9999999999998,0.0,0.0,0.0,0.0,5040.0,1223.9999999999998,19519.04761904762,6535.428571428572,0.258209319346182,0.1872868759290023,04022023CHAB03,chamane,m,hand_line,fish,0.0
100,01,hili,mihili,pescadinha,Sillago sihama,Sillaginidae,bony fish,fish,1.0,0.0,none,0.1333333333333333,0.1,1.0,1.0,5.0,2.0,10.0,4.0,800.0,320.0,0.0,0.0,4000.0,4000.0,800.0,320.0,32500.0,20496.666666666664,0.024615384615384615,0.015612294682062126,31012023MUB02,mucucune,m,fence_trap,fish,0.0
95,01,hili,mihili,pescadinha,Sillago sihama,Sillaginidae,bony fish,fish,1.0,0.0,none,0.1,0.1333333333333333,3.0,4.0,24.0,30.0,144.0,240.0,12096.0,8640.0,0.0,0.0,0.0,0.0,12096.0,8640.0,46944.0,72352.0,0.25766871165644173,0.11941618752764263,31012023MUCB01,mucucune,m,fence_trap,fish,0.0
209,01,hili,mihili,pescadinha,Sillago sihama,Sillaginidae,bony fish,fish,1.0,0.0,none,0.0666666666666666,0.1,3.0,2.0,5.0,3.0,30.0,12.0,910.0,419.99999999999994,0.0,0.0,0.0,0.0,910.0,419.99999999999994,63280.0,42665.0,0.014380530973451327,0.00984413453650533,O1O22023MOR06,morrumbene,m,drag_net,fish,0.0
243,01,hili,mihili,pescadinha,Sillago sihama,Sillaginidae,bony fish,fish,1.0,0.0,none,0.2333333333333333,0.2,3.0,15.0,12.0,24.0,72.0,,1920.0,19200.0,432.0,8640.0,16500.0,16500.0,2352.0,27840.0,22912.0,68260.25,0.1026536312849162,0.40785083558879437,24012023CUGB02,kuguana,m,gill_net,fish,0.0
87,01,hili,mihili,pescadinha,Sillago sihama,Sillaginidae,bony fish,fish,1.0,0.0,none,0.1333333333333333,0.3,3.0,6.0,6.0,4.0,36.0,48.0,1559.9999999999998,5760.0,0.0,0.0,0.0,0.0,1559.9999999999998,5760.0,41391.8,9924.583333333332,0.037688624316893675,0.5803770099500399,02022023MARB07,marrambone,m,gill_net,fish,0.0
54,01,hili,mihili,pescadinha,Sillago sihama,Sillaginidae,bony fish,fish,1.0,0.0,none,0.2333333333333333,0.2,2.0,2.0,2.0,2.0,8.0,8.0,70.39999999999999,88.0,33.33333333333332,0.0,0.0,0.0,103.73333333333332,88.0,3479.733333333334,1068.8000000000002,0.029810713464633296,0.08233532934131735,04022023CHAB08,chamane,m,gill_net,fish,0.0
84,01,hili,mihili,pescadinha,Sillago sihama,Sillaginidae,bony fish,fish,1.0,0.0,none,0.1666666666666666,0.4333333333333333,3.0,5.0,3.0,5.0,18.0,50.0,1260.0,3500.0,720.0,1666.666666666666,1500.0,100.0,1980.0,5166.666666666666,28429.999999999993,7378.666666666666,0.0696447414702779,0.7002168413444163,02022023MARB06,marrambone,m,hand_line,fish,0.0
238,01,hili,mihili,pescadinha,Sillago sihama,Sillaginidae,bony fish,fish,1.0,0.0,none,0.1,0.2,5.0,15.0,25.0,50.0,250.0,,1500.0,9000.0,0.0,0.0,2000.0,0.0,1500.0,9000.0,70135.0,15840.0,0.02138732444571184,0.5681818181818182,24012023CUGB01,kuguana,m,drag_net,fish,0.0
78,01,hili,mihili,pescadinha,Sillago sihama,Sillaginidae,bony fish,fish,1.0,0.0,none,0.0666666666666666,0.0,2.0,,2.0,,8.0,,448.0,0.0,156.0,0.0,6500.0,6500.0,1404.0,800.0,49668.66666666666,26501.6,0.02826731809457338,0.030186856642617804,02022023MARB05,marrambone,m,fence_trap,fish,0.0
61,01,hili,mihili,pescadinha,Sillago sihama,Sillaginidae,bony fish,fish,1.0,0.0,none,0.0666666666666666,0.0,2.0,,15.0,,60.0,,0.0,0.0,0.0,0.0,0.0,0.0,0.0,0.0,18326.666666666664,15433.333333333334,0.0,0.0,02022023MARB02,marrambone,f,shrimp_net,shrimp_net,0.0
229,01,hili,mihili,pescadinha,Sillago sihama,Sillaginidae,bony fish,fish,1.0,0.0,none,0.2333333333333333,0.2666666666666666,7.0,10.0,4.0,2.0,56.0,40.0,2800.0,0.0,0.0,0.0,0.0,0.0,2800.0,0.0,4000.0,4000.0,0.7,0.0,19022023ILHB05,ilha,m,hand_line,fish,0.0
236,01,hili,mihili,pescadinha,Sillago sihama,Sillaginidae,bony fish,fish,1.0,0.0,none,0.4,0.1,5.0,3.0,12.0,6.0,120.0,36.0,2970.0000000000005,594.0,0.0,0.0,0.0,0.0,2970.0000000000005,594.0,5821.200000000001,2178.0,0.5102040816326531,0.2727272727272727,19022023ILHB07,ilha,m,gill_net,fish,0.0
72,01,hili,mihili,pescadinha,Sillago sihama,Sillaginidae,bony fish,fish,1.0,0.0,none,0.1666666666666666,0.2,3.0,6.0,12.0,6.0,72.0,72.0,7199.999999999999,5040.0,0.0,0.0,0.0,0.0,7199.999999999999,5040.0,27749.999999999996,28613.333333333332,0.2594594594594595,0.1761416589002796,02022023MARB04,marrambone,f,gill_net,fish,0.0
49,01,hili,mihili,pescadinha,Sillago sihama,Sillaginidae,bony fish,fish,1.0,0.0,none,0.3,0.2333333333333333,9.0,5.0,5.0,2.0,90.0,20.0,13800.0,3066.666666666667,0.0,0.0,0.0,0.0,13800.0,3066.666666666667,30822.619047619046,3834.666666666667,0.4477231470395118,0.7997218358831711,04022023CHAB07,chamane,m,gill_net,fish,0.0
257,01,hili,mihili,pescadinha,Sillago sihama,Sillaginidae,bony fish,fish,1.0,0.0,none,0.1666666666666666,0.4,5.0,8.0,12.0,36.0,120.0,576.0,1104.0,5299.200000000001,0.0,0.0,0.0,0.0,1104.0,5299.200000000001,12993.6,11817.6,0.08496490579977835,0.4484159220146223,07022023CUGB05,kuguana,m,drag_net,fish,0.0
109,01,hili,mihili,pescadinha,Sillago sihama,Sillaginidae,bony fish,fish,1.0,0.0,none,0.2,0.0,3.0,,1.0,,6.0,,600.0,0.0,0.0,0.0,0.0,0.0,600.0,0.0,5190.0,0.0,0.11560693641618497,0.0,31012023MUCB05,mucucune,m,hand_line,fish,0.0
185,01,hili,mihili,pescadinha,Sillago sihama,Sillaginidae,bony fish,fish,1.0,0.0,none,0.2,0.2333333333333333,3.0,4.0,4.0,3.0,24.0,24.0,1248.0000000000002,1040.0,0.0,0.0,0.0,0.0,1248.0000000000002,1040.0,3588.000000000001,2665.0,0.34782608695652173,0.3902439024390244,04032023NGUB05,nguja,m,gill_net,fish,0.0
154,01,hili,mihili,pescadinha,Sillago sihama,Sillaginidae,bony fish,fish,1.0,0.0,none,0.2,0.2,4.0,2.0,5.0,4.0,40.0,16.0,0.0,0.0,0.0,0.0,0.0,0.0,0.0,0.0,0.0,0.0,0.0,0.0,17022023NHCHB04,nhamaxaxa,m,gill_net,fish,0.0
8,01,hili,mihili,pescadinha,Sillago sihama,Sillaginidae,bony fish,fish,1.0,0.0,none,0.1,0.0,2.0,,2.0,,8.0,,75.0,0.0,0.0,0.0,6000.0,6000.0,75.0,0.0,11973.333333333332,7700.666666666666,0.006263919821826281,0.0,13022023NHMUB03,nhamua,m,gill_net,fish,0.0
160,01,hili,mihili,pescadinha,Sillago sihama,Sillaginidae,bony fish,fish,1.0,0.0,none,0.2666666666666666,0.2,6.0,4.0,7.0,4.0,84.0,32.0,8400.0,4266.666666666666,0.0,0.0,3000.0,3000.0,8400.0,4266.666666666666,17800.0,10866.666666666666,0.47191011235955055,0.3926380368098159,09032023NHCHB07,nhamaxaxa,m,hand_line,fish,0.0
156,01,hili,mihili,pescadinha,Sillago sihama,Sillaginidae,bony fish,fish,1.0,0.0,none,0.2333333333333333,0.0666666666666666,5.0,3.0,2.0,1.0,20.0,6.0,1000.0,600.0,0.0,0.0,0.0,0.0,1000.0,600.0,3600.0,800.0,0.2777777777777778,0.75,17022023NHCHB05,nhamaxaxa,m,hand_line,fish,0.0
181,01,hili,mihili,pescadinha,Sillago sihama,Sillaginidae,bony fish,fish,1.0,0.0,none,0.1,0.2,0.0,0.0,3.0,1.5,0.0,0.0,0.0,0.0,0.0,0.0,1000.0,1000.0,0.0,0.0,1000.0,1000.0,0.0,0.0,04032023NGUB04,nguja,m,hand_line,fish,0.0
16,01,hili,mihili,pescadinha,Sillago sihama,Sillaginidae,bony fish,fish,1.0,0.0,none,0.2,0.1666666666666666,7.0,2.0,48.0,12.0,672.0,48.0,22176.000000000004,2808.0000000000005,0.0,0.0,38000.0,38000.0,22176.000000000004,2808.0000000000005,90416.0,44552.0,0.24526632454432848,0.06302747351409589,16022023NHMUB06,nhamua,m,gill_net,fish,0.0
3,01,hili,mihili,pescadinha,Sillago sihama,Sillaginidae,bony fish,fish,1.0,0.0,none,0.1333333333333333,0.4333333333333333,3.0,6.0,36.0,24.0,216.0,288.0,9979.199999999999,12830.4,0.0,0.0,0.0,0.0,9979.199999999999,12830.4,16632.0,38544.00000000001,0.6,0.33287671232876703,16022023NHMUB07,nhamua,m,gill_net,fish,0.0
167,01,hili,mihili,pescadinha,Sillago sihama,Sillaginidae,bony fish,fish,1.0,0.0,none,0.2,0.1666666666666666,10.0,10.0,5.0,3.0,100.0,60.0,4000.0,2000.0,0.0,0.0,0.0,600.0,4000.0,2000.0,4000.0,2600.0,1.0,0.7692307692307693,14022023SAHB02,sahane,m,hand_line,fish,0.0
151,01,hili,mihili,pescadinha,Sillago sihama,Sillaginidae,bony fish,fish,1.0,0.0,none,0.1333333333333333,0.0333333333333333,4.0,2.0,8.0,2.0,64.0,8.0,6912.0,600.0,0.0,0.0,0.0,0.0,6912.0,600.0,10752.0,2039.9999999999998,0.6428571428571429,0.29411764705882354,17022023NHCHB03,nhamaxaxa,m,gill_net,fish,0.0
176,01,hili,mihili,pescadinha,Sillago sihama,Sillaginidae,bony fish,fish,1.0,0.0,none,0.4333333333333333,0.1333333333333333,6.0,4.0,4.0,2.0,48.0,16.0,3040.0,1013.3333333333333,0.0,0.0,0.0,0.0,3040.0,1013.3333333333333,3040.0,2880.0,1.0,0.3518518518518518,04032023NGUB01,nguja,m,hand_line,fish,0.0
205,01,hili,mihili,pescadinha,Sillago sihama,Sillaginidae,bony fish,fish,1.0,0.0,none,0.2,0.3333333333333333,3.0,5.0,8.0,3.0,48.0,30.0,2160.0,1599.9999999999995,800.0000000000001,666.6666666666665,0.0,0.0,2960.0,2266.666666666666,21260.0,11350.0,0.13922859830667922,0.19970631424375912,01022023MORBO5,morrumbene,m,fence_trap,fish,0.0
161,02,livbionho,mavbionho,Melanúria comum,Gerres oyena,Gerreidae,bony fish,fish,1.0,0.0,none,0.4,0.2,6.0,4.0,8.0,4.5,96.0,36.0,6400.0,3600.0,0.0,0.0,3000.0,3000.0,6400.0,3600.0,17800.0,10866.666666666666,0.3595505617977528,0.33128834355828224,09032023NHCHB07,nhamaxaxa,m,hand_line,fish,1.0
79,02,livbionho,mavbionho,Melanúria comum,Gerres oyena,Gerreidae,bony fish,fish,1.0,0.0,none,0.5333333333333333,0.5333333333333333,5.0,3.0,23.0,12.5,230.0,75.0,3220.0,2250.0,18399.999999999996,2999.9999999999995,6500.0,6500.0,21619.999999999996,6300.0,49668.66666666666,26501.6,0.4352844851885159,0.2377214960606152,02022023MARB05,marrambone,m,fence_trap,fish,1.0
6,02,livbionho,mavbionho,Melanúria comum,Gerres oyena,Gerreidae,bony fish,fish,1.0,0.0,none,0.4666666666666667,0.0,9.0,,20.0,,360.0,,27600.0,0.0,0.0,0.0,0.0,0.0,27600.0,0.0,27600.0,0.0,1.0,0.0,13022023NHMUB01,nhamua,m,fence_trap,fish,1.0
73,02,livbionho,mavbionho,Melanúria comum,Gerres oyena,Gerreidae,bony fish,fish,1.0,0.0,none,0.1666666666666666,0.1333333333333333,3.0,6.0,5.0,12.0,30.0,144.0,950.0,12600.0,0.0,0.0,0.0,0.0,950.0,12600.0,27749.999999999996,28613.333333333332,0.03423423423423424,0.440354147250699,02022023MARB04,marrambone,f,gill_net,fish,1.0
55,02,livbionho,mavbionho,Melanúria comum,Gerres oyena,Gerreidae,bony fish,fish,1.0,0.0,none,0.1666666666666666,0.2333333333333333,2.0,2.0,25.0,4.0,100.0,16.0,1320.0,211.20000000000002,0.0,0.0,0.0,0.0,1320.0,211.20000000000002,3479.733333333334,1068.8000000000002,0.3793394129818376,0.19760479041916165,04022023CHAB08,chamane,m,gill_net,fish,1.0
85,02,livbionho,mavbionho,Melanúria comum,Gerres oyena,Gerreidae,bony fish,fish,1.0,0.0,none,0.3666666666666666,0.1333333333333333,15.0,4.0,7.0,3.0,210.0,24.0,5600.0,952.0,2100.0,159.99999999999997,1500.0,100.0,7700.0,1112.0,28429.999999999993,7378.666666666666,0.2708406612733029,0.1507047343693531,02022023MARB06,marrambone,m,hand_line,fish,1.0
9,02,livbionho,mavbionho,Melanúria comum,Gerres oyena,Gerreidae,bony fish,fish,1.0,0.0,none,0.1,0.1333333333333333,7.0,2.0,10.0,6.0,140.0,24.0,1400.0,219.99999999999997,350.0,99.99999999999996,6000.0,6000.0,1750.0,319.99999999999994,11973.333333333332,7700.666666666666,0.14615812917594656,0.04155484373647303,13022023NHMUB03,nhamua,m,gill_net,fish,1.0
88,02,livbionho,mavbionho,Melanúria comum,Gerres oyena,Gerreidae,bony fish,fish,1.0,0.0,none,0.3,0.3,3.0,14.0,15.0,60.0,90.0,,1800.0,0.0,1875.0,0.0,0.0,0.0,3675.0,0.0,41391.8,9924.583333333332,0.08878570151575915,0.0,02022023MARB07,marrambone,m,gill_net,fish,1.0
50,02,livbionho,mavbionho,Melanúria comum,Gerres oyena,Gerreidae,bony fish,fish,1.0,0.0,none,0.2,0.0,9.0,,12.5,,225.0,,7875.0,0.0,0.0,0.0,0.0,0.0,7875.0,0.0,30822.619047619046,3834.666666666667,0.2554941871692866,0.0,04022023CHAB07,chamane,m,gill_net,fish,1.0
159,02,livbionho,mavbionho,Melanúria comum,Gerres oyena,Gerreidae,bony fish,fish,1.0,0.0,none,0.2666666666666666,0.4,2.0,1.0,3.0,1.0,12.0,2.0,800.0,200.0,0.0,0.0,0.0,0.0,800.0,200.0,3600.0,800.0,0.2222222222222222,0.25,17022023NHCHB05,nhamaxaxa,m,hand_line,fish,1.0
62,02,livbionho,mavbionho,Melanúria comum,Gerres oyena,Gerreidae,bony fish,fish,1.0,0.0,none,0.0666666666666666,0.0,3.0,,15.0,,90.0,,0.0,0.0,0.0,0.0,0.0,0.0,0.0,0.0,18326.666666666664,15433.333333333334,0.0,0.0,02022023MARB02,marrambone,f,shrimp_net,shrimp_net,1.0
69,02,livbionho,mavbionho,Melanúria comum,Gerres oyena,Gerreidae,bony fish,fish,1.0,0.0,none,0.1666666666666666,0.1,3.0,2.0,0.5,0.25,3.0,1.0,0.0,0.0,0.0,0.0,0.0,200.0,0.0,0.0,5693.333333333333,1686.0000000000002,0.0,0.0,02022023MARB03,marrambone,f,shrimp_net,shrimp_net,1.0
96,02,livbionho,mavbionho,Melanúria comum,Gerres oyena,Gerreidae,bony fish,fish,1.0,0.0,none,0.2,0.2,3.0,4.0,36.0,30.0,216.0,240.0,15839.999999999998,17600.0,0.0,0.0,0.0,0.0,15839.999999999998,17600.0,46944.0,72352.0,0.3374233128834355,0.24325519681556834,31012023MUCB01,mucucune,m,fence_trap,fish,1.0
182,02,livbionho,mavbionho,Melanúria comum,Gerres oyena,Gerreidae,bony fish,fish,1.0,0.0,none,0.1666666666666666,0.1666666666666666,0.0,0.0,2.0,1.5,0.0,0.0,0.0,0.0,0.0,0.0,1000.0,1000.0,0.0,0.0,1000.0,1000.0,0.0,0.0,04032023NGUB04,nguja,m,hand_line,fish,1.0
155,02,livbionho,mavbionho,Melanúria comum,Gerres oyena,Gerreidae,bony fish,fish,1.0,0.0,none,0.1666666666666666,0.1,4.0,2.0,12.0,3.0,96.0,12.0,0.0,0.0,0.0,0.0,0.0,0.0,0.0,0.0,0.0,0.0,0.0,0.0,17022023NHCHB04,nhamaxaxa,m,gill_net,fish,1.0
41,02,livbionho,mavbionho,Melanúria comum,Gerres oyena,Gerreidae,bony fish,fish,1.0,0.0,none,0.1,0.1,5.0,6.0,7.0,4.0,70.0,48.0,2333.333333333333,1600.0,0.0,0.0,0.0,0.0,2333.333333333333,1600.0,19519.04761904762,6535.428571428572,0.11954135154915832,0.2448194456588266,04022023CHAB03,chamane,m,hand_line,fish,1.0
101,02,livbionho,mavbionho,Melanúria comum,Gerres oyena,Gerreidae,bony fish,fish,1.0,0.0,none,0.1666666666666666,0.1,3.0,2.0,20.0,10.0,120.0,40.0,6400.0,2133.333333333333,0.0,0.0,4000.0,4000.0,6400.0,2133.333333333333,32500.0,20496.666666666664,0.19692307692307692,0.10408196454708082,31012023MUB02,mucucune,m,fence_trap,fish,1.0
38,02,livbionho,mavbionho,Melanúria comum,Gerres oyena,Gerreidae,bony fish,fish,1.0,0.0,none,0.2666666666666666,0.1,1.0,1.0,1.0,0.5,2.0,1.0,33.33333333333333,16.666666666666664,0.0,0.0,600.0,600.0,33.33333333333333,16.666666666666664,733.3333333333333,666.6666666666666,0.045454545454545456,0.024999999999999998,04022023CHAB02,chamane,m,hand_line,fish,1.0
153,02,livbionho,mavbionho,Melanúria comum,Gerres oyena,Gerreidae,bony fish,fish,1.0,0.0,none,0.2666666666666666,0.0666666666666666,4.0,2.0,10.0,3.0,80.0,12.0,3840.0000000000005,0.0,0.0,0.0,0.0,0.0,3840.0000000000005,0.0,10752.0,2039.9999999999998,0.3571428571428572,0.0,17022023NHCHB03,nhamaxaxa,m,gill_net,fish,1.0
113,02,livbionho,mavbionho,Melanúria comum,Gerres oyena,Gerreidae,bony fish,fish,1.0,0.0,none,0.0666666666666666,0.0666666666666666,1.0,1.0,,,,,0.0,0.0,0.0,0.0,0.0,0.0,0.0,0.0,4180.0,4737.333333333333,0.0,0.0,31012023MUCB06,mucucune,m,gill_net,fish,1.0
110,02,livbionho,mavbionho,Melanúria comum,Gerres oyena,Gerreidae,bony fish,fish,1.0,0.0,none,0.6,0.0,15.0,,3.0,,90.0,,3750.0,0.0,0.0,0.0,0.0,0.0,3750.0,0.0,5190.0,0.0,0.7225433526011561,0.0,31012023MUCB05,mucucune,m,hand_line,fish,1.0
18,02,livbionho,mavbionho,Melanúria comum,Gerres oyena,Gerreidae,bony fish,fish,1.0,0.0,none,0.0333333333333333,0.0333333333333333,1.0,1.0,0.5,0.5,1.0,1.0,0.0,0.0,0.0,0.0,0.0,0.0,0.0,0.0,8325.0,4225.0,0.0,0.0,15022023JOSB01,josina_machel,m,gill_net,fish,1.0
30,02,livbionho,mavbionho,Melanúria comum,Gerres oyena,Gerreidae,bony fish,fish,1.0,0.0,none,0.2666666666666666,0.1333333333333333,3.0,1.0,3.0,1.0,18.0,2.0,900.0,0.0,0.0,0.0,0.0,0.0,900.0,0.0,2700.0,0.0,0.3333333333333333,0.0,15022023JOSB06,josina_machel,m,hand_line,fish,1.0
89,03,salani,,Melanúria timoneira,Gerres longirostris,Gerreidae,bony fish,fish,1.0,0.5,none,0.2666666666666666,0.1333333333333333,14.0,3.0,30.0,5.0,840.0,30.0,16800.0,840.0,0.0,1031.2499999999998,0.0,0.0,16800.0,1871.2499999999998,41391.8,9924.583333333332,0.4058774926434704,0.18854695831059237,02022023MARB07,marrambone,m,gill_net,fish,1.0
114,03,salani,,Melanúria timoneira,Gerres longirostris,Gerreidae,bony fish,fish,1.0,0.5,none,0.0666666666666666,0.0666666666666666,1.0,1.0,,,,,0.0,0.0,0.0,0.0,0.0,0.0,0.0,0.0,4180.0,4737.333333333333,0.0,0.0,31012023MUCB06,mucucune,m,gill_net,fish,1.0
74,03,salani,,Melanúria timoneira,Gerres longirostris,Gerreidae,bony fish,fish,1.0,0.5,none,0.1666666666666666,0.1333333333333333,3.0,3.0,12.0,7.0,72.0,42.0,2400.0,4200.0,0.0,0.0,0.0,0.0,2400.0,4200.0,27749.999999999996,28613.333333333332,0.08648648648648649,0.146784715750233,02022023MARB04,marrambone,f,gill_net,fish,1.0
230,03,salani,,Melanúria timoneira,Gerres longirostris,Gerreidae,bony fish,fish,1.0,0.5,none,0.1,0.2,3.0,10.0,2.0,3.0,12.0,60.0,1200.0,4000.0,0.0,0.0,0.0,0.0,1200.0,4000.0,4000.0,4000.0,0.3,1.0,19022023ILHB05,ilha,m,hand_line,fish,1.0
111,03,salani,,Melanúria timoneira,Gerres longirostris,Gerreidae,bony fish,fish,1.0,0.5,none,0.2,0.0,3.0,,1.0,,6.0,,840.0,0.0,0.0,0.0,0.0,0.0,840.0,0.0,5190.0,0.0,0.16184971098265896,0.0,31012023MUCB05,mucucune,m,hand_line,fish,1.0
222,03,salani,,Melanúria timoneira,Gerres longirostris,Gerreidae,bony fish,fish,1.0,0.5,none,0.2333333333333333,0.2333333333333333,3.0,3.0,4.0,3.0,24.0,18.0,2760.0000000000005,2700.0,0.0,0.0,0.0,0.0,2760.0000000000005,2700.0,27960.0,26640.0,0.09871244635193134,0.10135135135135136,18022023ILHB01,ilha,m,fence_trap,fish,1.0
80,03,salani,,Melanúria timoneira,Gerres longirostris,Gerreidae,bony fish,fish,1.0,0.5,none,0.0333333333333333,0.0,2.0,,2.0,,8.0,,666.6666666666666,0.0,80.0,0.0,6500.0,6500.0,746.6666666666666,2400.0,49668.66666666666,26501.6,0.01503295169322041,0.09056056992785341,02022023MARB05,marrambone,m,fence_trap,fish,1.0
102,03,salani,,Melanúria timoneira,Gerres longirostris,Gerreidae,bony fish,fish,1.0,0.5,none,0.1666666666666666,0.1,3.0,1.0,12.5,5.0,75.0,10.0,4000.0,533.3333333333333,0.0,0.0,4000.0,4000.0,4000.0,533.3333333333333,32500.0,20496.666666666664,0.12307692307692308,0.026020491136770206,31012023MUB02,mucucune,m,fence_trap,fish,1.0
97,03,salani,,Melanúria timoneira,Gerres longirostris,Gerreidae,bony fish,fish,1.0,0.5,none,0.0666666666666666,0.1,3.0,4.0,12.0,30.0,72.0,240.0,6336.0,21120.0,0.0,0.0,0.0,0.0,6336.0,21120.0,46944.0,72352.0,0.13496932515337423,0.291906236178682,31012023MUCB01,mucucune,m,fence_trap,fish,1.0
152,03,salani,,Melanúria timoneira,Gerres longirostris,Gerreidae,bony fish,fish,1.0,0.5,none,0.1333333333333333,0.2333333333333333,4.0,2.0,1.0,3.0,8.0,12.0,0.0,1439.9999999999998,0.0,0.0,0.0,0.0,0.0,1439.9999999999998,10752.0,2039.9999999999998,0.0,0.7058823529411764,17022023NHCHB03,nhamaxaxa,m,gill_net,fish,1.0
157,03,salani,,Melanúria timoneira,Gerres longirostris,Gerreidae,bony fish,fish,1.0,0.5,none,0.1,0.0666666666666666,4.0,0.0,1.0,,8.0,,1600.0,0.0,0.0,0.0,0.0,0.0,1600.0,0.0,3600.0,800.0,0.4444444444444444,0.0,17022023NHCHB05,nhamaxaxa,m,hand_line,fish,1.0
86,03,salani,,Melanúria timoneira,Gerres longirostris,Gerreidae,bony fish,fish,1.0,0.5,none,0.2666666666666666,0.1,15.0,2.0,5.0,2.0,150.0,8.0,10999.999999999996,533.3333333333333,6249.999999999997,466.66666666666663,1500.0,100.0,17249.999999999993,999.9999999999999,28429.999999999993,7378.666666666666,0.6067534294759056,0.1355258402602096,02022023MARB06,marrambone,m,hand_line,fish,1.0
42,03,salani,,Melanúria timoneira,Gerres longirostris,Gerreidae,bony fish,fish,1.0,0.5,none,0.2,0.0666666666666666,5.0,3.0,4.0,1.0,40.0,6.0,3600.0,600.0,0.0,0.0,0.0,0.0,3600.0,600.0,19519.04761904762,6535.428571428572,0.1844352281044157,0.09180729212205999,04022023CHAB03,chamane,m,hand_line,fish,1.0
56,03,salani,,Melanúria timoneira,Gerres longirostris,Gerreidae,bony fish,fish,1.0,0.5,none,0.2333333333333333,0.2,2.0,2.0,20.0,6.0,80.0,24.0,1056.0000000000002,369.6,0.0,0.0,0.0,0.0,1056.0000000000002,369.6,3479.733333333334,1068.8000000000002,0.30347153038547015,0.3458083832335329,04022023CHAB08,chamane,m,gill_net,fish,1.0
32,03,salani,,Melanúria timoneira,Gerres longirostris,Gerreidae,bony fish,fish,1.0,0.5,none,0.1666666666666666,0.1333333333333333,3.0,1.0,3.0,1.0,18.0,2.0,900.0,0.0,0.0,0.0,0.0,0.0,900.0,0.0,2700.0,0.0,0.3333333333333333,0.0,15022023JOSB06,josina_machel,m,hand_line,fish,1.0
4,03,salani,,Melanúria timoneira,Gerres longirostris,Gerreidae,bony fish,fish,1.0,0.5,none,0.1,0.2666666666666666,7.0,3.0,12.0,24.0,168.0,144.0,5174.4,4276.8,0.0,0.0,0.0,0.0,5174.4,4276.8,16632.0,38544.00000000001,0.3111111111111111,0.11095890410958903,16022023NHMUB07,nhamua,m,gill_net,fish,1.0
15,03,salani,,Melanúria timoneira,Gerres longirostris,Gerreidae,bony fish,fish,1.0,0.5,none,0.2333333333333333,0.2,14.0,4.0,60.0,24.0,,192.0,30240.000000000004,3744.0000000000005,0.0,0.0,38000.0,38000.0,30240.000000000004,3744.0000000000005,90416.0,44552.0,0.3344540789240843,0.08403663135212786,16022023NHMUB06,nhamua,m,gill_net,fish,1.0
237,03,salani,,Melanúria timoneira,Gerres longirostris,Gerreidae,bony fish,fish,1.0,0.5,none,0.3,0.0666666666666666,3.0,2.0,24.0,18.0,144.0,72.0,2851.2,1584.0,0.0,0.0,0.0,0.0,2851.2,1584.0,5821.200000000001,2178.0,0.48979591836734687,0.7272727272727273,19022023ILHB07,ilha,m,gill_net,fish,1.0
20,03,salani,,Melanúria timoneira,Gerres longirostris,Gerreidae,bony fish,fish,1.0,0.5,none,0.3666666666666666,0.3666666666666666,3.0,2.0,10.0,8.0,60.0,32.0,4050.0,2000.0,0.0,0.0,0.0,0.0,4050.0,2000.0,8325.0,4225.0,0.4864864864864865,0.47337278106508873,15022023JOSB01,josina_machel,m,gill_net,fish,1.0
39,03,salani,,Melanúria timoneira,Gerres longirostris,Gerreidae,bony fish,fish,1.0,0.5,none,0.2333333333333333,0.1,1.0,1.0,2.0,1.0,4.0,2.0,66.66666666666666,33.33333333333333,0.0,0.0,600.0,600.0,66.66666666666666,33.33333333333333,733.3333333333333,666.6666666666666,0.09090909090909091,0.049999999999999996,04022023CHAB02,chamane,m,hand_line,fish,1.0
63,03,salani,,Melanúria timoneira,Gerres longirostris,Gerreidae,bony fish,fish,1.0,0.5,none,0.0666666666666666,0.0,3.0,,1.5,,9.0,,0.0,0.0,0.0,0.0,0.0,0.0,0.0,0.0,18326.666666666664,15433.333333333334,0.0,0.0,02022023MARB02,marrambone,f,shrimp_net,shrimp_net,1.0
51,03,salani,,Melanúria timoneira,Gerres longirostris,Gerreidae,bony fish,fish,1.0,0.5,none,0.3,0.2333333333333333,9.0,2.0,3.0,1.5,54.0,6.0,8640.0,768.0000000000001,0.0,0.0,0.0,0.0,8640.0,768.0000000000001,30822.619047619046,3834.666666666667,0.2803136224943031,0.20027816411682894,04022023CHAB07,chamane,m,hand_line,fish,1.0
187,04,pata,dzipata,peixe zebras,Terapon jarbua,Teraponidae,bony fish,fish,1.0,3.0,high,0.4,0.1666666666666666,3.0,2.0,12.0,3.0,72.0,12.0,1950.0000000000005,325.00000000000006,0.0,0.0,0.0,0.0,1950.0000000000005,325.00000000000006,3588.000000000001,2665.0,0.5434782608695652,0.12195121951219515,04032023NGUB05,nguja,m,gill_net,fish,1.0
184,04,pata,dzipata,peixe zebras,Terapon jarbua,Teraponidae,bony fish,fish,1.0,3.0,high,0.3666666666666666,0.3,0.0,0.0,4.0,4.0,0.0,0.0,0.0,0.0,0.0,0.0,1000.0,1000.0,0.0,0.0,1000.0,1000.0,0.0,0.0,04032023NGUB04,nguja,m,hand_line,fish,1.0
103,06,gigulula,sigulula,esparo,Crenidens crenidens,Sparidae,bony fish,fish,1.0,2.5,mod,0.0666666666666666,0.1666666666666666,1.0,6.0,7.5,17.5,15.0,210.0,800.0,11200.0,0.0,0.0,4000.0,4000.0,800.0,11200.0,32500.0,20496.666666666664,0.024615384615384615,0.5464303138721744,31012023MUB02,mucucune,m,fence_trap,fish,2.0
186,06,gigulula,sigulula,esparo,Crenidens crenidens,Sparidae,bony fish,fish,1.0,2.5,mod,0.2,0.3333333333333333,3.0,5.0,1.0,3.0,6.0,30.0,390.00000000000006,1300.0,0.0,0.0,0.0,0.0,390.00000000000006,1300.0,3588.000000000001,2665.0,0.10869565217391303,0.4878048780487805,04032023NGUB05,nguja,m,gill_net,fish,2.0
188,06,gigulula,sigulula,esparo,Crenidens crenidens,Sparidae,bony fish,fish,1.0,2.5,mod,0.2666666666666666,0.5333333333333333,5.0,7.0,5.0,10.0,50.0,140.0,2666.666666666666,8400.0,0.0,0.0,0.0,0.0,2666.666666666666,8400.0,2846.666666666666,8400.0,0.936768149882904,1.0,04032023NGUB06,nguja,m,gill_net,fish,2.0
21,06,gigulula,sigulula,esparo,Crenidens crenidens,Sparidae,bony fish,fish,1.0,2.5,mod,0.5666666666666667,0.5666666666666667,3.0,2.0,10.0,8.0,60.0,32.0,4050.0,2000.0,0.0,0.0,0.0,0.0,4050.0,2000.0,8325.0,4225.0,0.4864864864864865,0.47337278106508873,15022023JOSB01,josina_machel,m,gill_net,fish,2.0
183,06,gigulula,sigulula,esparo,Crenidens crenidens,Sparidae,bony fish,fish,1.0,2.5,mod,0.2333333333333333,0.2333333333333333,0.0,0.0,3.0,3.0,0.0,0.0,0.0,0.0,0.0,0.0,1000.0,1000.0,0.0,0.0,1000.0,1000.0,0.0,0.0,04032023NGUB04,nguja,m,hand_line,fish,2.0
90,06,gigulula,sigulula,esparo,Crenidens crenidens,Sparidae,bony fish,fish,1.0,2.5,mod,0.2,0.2,4.0,2.0,30.0,8.0,240.0,32.0,10800.0,639.9999999999999,6400.0,853.3333333333333,0.0,0.0,17200.0,1493.333333333333,41391.8,9924.583333333332,0.415541242468315,0.15046811369075108,02022023MARB07,marrambone,m,gill_net,fish,2.0
98,06,gigulula,sigulula,esparo,Crenidens crenidens,Sparidae,bony fish,fish,1.0,2.5,mod,0.1,0.1333333333333333,3.0,4.0,24.0,30.0,144.0,240.0,8448.0,17600.0,0.0,0.0,0.0,0.0,8448.0,17600.0,46944.0,72352.0,0.17995910020449898,0.24325519681556834,31012023MUCB01,mucucune,m,fence_trap,fish,2.0
81,06,gigulula,sigulula,esparo,Crenidens crenidens,Sparidae,bony fish,fish,1.0,2.5,mod,0.0333333333333333,0.3333333333333333,2.0,4.0,5.0,3.0,20.0,24.0,700.0,1319.9999999999998,828.0,441.5999999999999,6500.0,6500.0,1528.0,1761.5999999999997,49668.66666666666,26501.6,0.03076386185791177,0.0664714583270444,02022023MARB05,marrambone,m,fence_trap,fish,2.0
31,06,gigulula,sigulula,esparo,Crenidens crenidens,Sparidae,bony fish,fish,1.0,2.5,mod,0.2666666666666666,0.1333333333333333,3.0,1.0,3.0,1.0,18.0,2.0,900.0,0.0,0.0,0.0,0.0,0.0,900.0,0.0,2700.0,0.0,0.3333333333333333,0.0,15022023JOSB06,josina_machel,m,hand_line,fish,2.0
115,06,gigulula,sigulula,esparo,Crenidens crenidens,Sparidae,bony fish,fish,1.0,2.5,mod,0.0666666666666666,0.0666666666666666,1.0,1.0,,,,,0.0,0.0,0.0,0.0,0.0,0.0,0.0,0.0,4180.0,4737.333333333333,0.0,0.0,31012023MUCB06,mucucune,m,gill_net,fish,2.0
177,06,gigulula,sigulula,esparo,Crenidens crenidens,Sparidae,bony fish,fish,1.0,2.5,mod,0.1,0.4666666666666667,7.0,5.0,,4.0,,40.0,0.0,1866.6666666666665,0.0,0.0,0.0,0.0,0.0,1866.6666666666665,3040.0,2880.0,0.0,0.6481481481481481,04032023NGUB01,nguja,m,hand_line,fish,2.0
75,06,gigulula,sigulula,esparo,Crenidens crenidens,Sparidae,bony fish,fish,1.0,2.5,mod,0.1333333333333333,0.1666666666666666,2.0,1.0,3.0,12.0,12.0,24.0,400.0,1733.3333333333333,0.0,0.0,0.0,0.0,400.0,1733.3333333333333,27749.999999999996,28613.333333333332,0.014414414414414416,0.06057781919850885,02022023MARB04,marrambone,f,gill_net,fish,2.0
64,06,gigulula,sigulula,esparo,Crenidens crenidens,Sparidae,bony fish,fish,1.0,2.5,mod,0.0666666666666666,0.0,5.0,,1.5,,15.0,,0.0,0.0,0.0,0.0,0.0,0.0,0.0,0.0,18326.666666666664,15433.333333333334,0.0,0.0,02022023MARB02,marrambone,f,shrimp_net,shrimp_net,2.0
10,07,nhambulungue,,carapau,Caranginae,Caranginae,bony fish,fish,1.0,0.0,none,0.1333333333333333,0.0,1.0,,20.0,,40.0,,250.0,0.0,233.33333333333331,0.0,6000.0,6000.0,483.3333333333333,0.0,11973.333333333332,7700.666666666666,0.04036748329621381,0.0,13022023NHMUB03,nhamua,m,gill_net,fish,0.0
5,07,nhambulungue,,carapau,Caranginae,Caranginae,bony fish,fish,1.0,0.0,none,0.3,0.0666666666666666,2.0,7.0,12.0,48.0,48.0,,1478.3999999999999,21436.800000000007,0.0,0.0,0.0,0.0,1478.3999999999999,21436.800000000007,16632.0,38544.00000000001,0.08888888888888888,0.5561643835616439,16022023NHMUB07,nhamua,m,gill_net,fish,0.0
220,10,tsava,dzitsava,cavala,Rastrellinger kanagurta,Scombridae,bony fish,fish,1.0,0.0,none,0.1,0.2,4.0,6.0,4.0,6.0,32.0,72.0,6666.666666666667,15000.0,0.0,0.0,0.0,0.0,6666.666666666667,15000.0,11566.666666666668,27800.0,0.5763688760806917,0.539568345323741,08032023MORB08,morrumbene,m,hand_line,fish,1.0
215,10,tsava,dzitsava,cavala,Rastrellinger kanagurta,Scombridae,bony fish,fish,1.0,0.0,none,0.2666666666666666,0.1666666666666666,7.0,3.0,75.0,37.5,1050.0,225.0,9450.0,3300.0,0.0,0.0,0.0,1250.0,9450.0,3300.0,48326.666666666664,6302.666666666666,0.19554421299489586,0.5235878993018829,01022023MORB07,morrumbene,m,drag_net,fish,1.0
206,10,tsava,dzitsava,cavala,Rastrellinger kanagurta,Scombridae,bony fish,fish,1.0,0.0,none,0.3333333333333333,0.1666666666666666,5.0,5.0,15.0,6.0,150.0,60.0,6000.0,3000.0,2999.9999999999995,1049.9999999999998,0.0,0.0,9000.0,4050.0,21260.0,11350.0,0.4233301975540922,0.3568281938325991,01022023MORBO5,morrumbene,m,fence_trap,fish,1.0
210,10,tsava,dzitsava,cavala,Rastrellinger kanagurta,Scombridae,bony fish,fish,1.0,0.0,none,0.1,0.1333333333333333,5.0,3.0,125.0,75.0,1250.0,450.0,34125.0,12600.0,0.0,0.0,0.0,0.0,34125.0,12600.0,63280.0,42665.0,0.5392699115044248,0.29532403609515995,O1O22023MOR06,morrumbene,m,drag_net,fish,1.0
149,50,ndrolo,dzindrolo,Caranguejo,Portunus pelagicus,Portunidae,crustacean,crabs,1.0,3.0,high,0.0666666666666666,0.2333333333333333,4.0,2.0,3.0,1.0,24.0,4.0,800.0,100.0,0.0,0.0,0.0,0.0,800.0,100.0,1394.5333333333333,271.73333333333335,0.5736686107658476,0.3680078508341511,17022023NHCHB01,nhamaxaxa,f,shrimp_net,shrimp_net,2.0
24,50,ndrolo,dzindrolo,Caranguejo,Portunus pelagicus,Portunidae,crustacean,crabs,1.0,3.0,high,0.8,0.6666666666666666,8.0,6.0,5.0,2.0,80.0,24.0,2133.333333333333,600.0,0.0,0.0,0.0,0.0,2133.333333333333,600.0,2133.333333333333,1560.0,1.0,0.38461538461538464,15022023JOSB03,josina_machel,m,glean,glean,2.0
207,50,ndrolo,dzindrolo,Caranguejo,Portunus pelagicus,Portunidae,crustacean,crabs,1.0,3.0,high,0.2,0.2666666666666666,8.0,4.0,10.0,5.0,160.0,40.0,2933.333333333333,1466.6666666666665,1866.6666666666665,466.66666666666663,0.0,0.0,4800.0,1933.333333333333,21260.0,11350.0,0.2257761053621825,0.1703377386196769,01022023MORBO5,morrumbene,m,fence_trap,fish,2.0
175,50,ndrolo,dzindrolo,Caranguejo,Portunus pelagicus,Portunidae,crustacean,crabs,1.0,3.0,high,0.7666666666666667,0.0666666666666666,15.0,15.0,12.0,7.0,360.0,210.0,9720.0,9100.0,0.0,0.0,0.0,0.0,9720.0,9100.0,9720.0,9100.0,1.0,1.0,14022023SAHB08,sahane,m,fence_trap,fish,2.0
168,50,ndrolo,dzindrolo,Caranguejo,Portunus pelagicus,Portunidae,crustacean,crabs,1.0,3.0,high,0.8333333333333334,0.8333333333333334,10.0,10.0,4.5,5.5,90.0,110.0,2400.0,2750.0,0.0,0.0,0.0,300.0,2400.0,2750.0,2400.0,3050.0,1.0,0.9016393442622951,14022023SAHB03,sahane,f,glean,glean,2.0
22,50,ndrolo,dzindrolo,Caranguejo,Portunus pelagicus,Portunidae,crustacean,crabs,1.0,3.0,high,0.6333333333333333,0.6666666666666666,13.0,13.0,10.0,12.0,260.0,312.0,11700.0,13000.0,0.0,0.0,0.0,0.0,11700.0,13000.0,11700.0,29000.0,1.0,0.4482758620689655,15022023JOSB02,josina_machel,m,diving,fish,2.0
132,50,ndrolo,dzindrolo,Caranguejo,Portunus pelagicus,Portunidae,crustacean,crabs,1.0,3.0,high,0.2,0.2666666666666666,4.0,3.0,12.0,36.0,96.0,216.0,3519.9999999999995,12671.999999999998,0.0,0.0,200.0,0.0,3519.9999999999995,12671.999999999998,19945.0,37738.666666666664,0.1764853346703434,0.33578292820802713,08022023MADB05,madava,m,gill_net,fish,2.0
202,50,ndrolo,dzindrolo,Caranguejo,Portunus pelagicus,Portunidae,crustacean,crabs,1.0,3.0,high,0.1666666666666666,0.5,2.0,1.0,1.5,1.5,6.0,3.0,170.0,100.0,100.0,0.0,0.0,0.0,1270.0,1100.0,8823.333333333332,2794.4444444444443,0.14393653192293165,0.3936381709741551,01022023MOR04,morrumbene,f,glean,glean,2.0
198,50,ndrolo,dzindrolo,Caranguejo,Portunus pelagicus,Portunidae,crustacean,crabs,1.0,3.0,high,0.0333333333333333,0.1333333333333333,3.0,2.0,0.625,0.375,3.75,1.5,0.0,0.0,0.0,0.0,0.0,0.0,0.0,0.0,2333.333333333333,839.9999999999999,0.0,0.0,01022023MORB03,morrumbene,f,shrimp_net,shrimp_net,2.0
179,50,ndrolo,dzindrolo,Caranguejo,Portunus pelagicus,Portunidae,crustacean,crabs,1.0,3.0,high,0.6666666666666666,0.6666666666666666,3.0,12.0,1.5,3.0,9.0,72.0,300.0,1800.0,0.0,0.0,0.0,0.0,300.0,1800.0,380.0,1840.0,0.7894736842105263,0.9782608695652174,04032023NGUB02,nguja,f,glean,glean,2.0
193,50,ndrolo,dzindrolo,Caranguejo,Portunus pelagicus,Portunidae,crustacean,crabs,1.0,3.0,high,0.2666666666666666,0.1666666666666666,1.0,1.0,1.0,1.0,2.0,2.0,0.0,0.0,0.0,0.0,0.0,0.0,0.0,0.0,3200.0,4608.0,0.0,0.0,01022023MORB01,morrumbene,m,shrimp_net,shrimp_net,2.0
137,50,ndrolo,dzindrolo,Caranguejo,Portunus pelagicus,Portunidae,crustacean,crabs,1.0,3.0,high,0.2,0.3333333333333333,5.0,3.0,10.0,12.0,100.0,72.0,1100.0,1320.0,0.0,0.0,0.0,0.0,1100.0,1320.0,26283.333333333332,9786.666666666666,0.04185161699429296,0.1348773841961853,08022023MADB06,madava,m,gill_net,fish,2.0
180,50,ndrolo,dzindrolo,Caranguejo,Portunus pelagicus,Portunidae,crustacean,crabs,1.0,3.0,high,0.6,0.3333333333333333,8.0,4.0,5.0,3.0,80.0,24.0,2533.333333333333,608.0,0.0,0.0,0.0,0.0,2533.333333333333,608.0,2533.333333333333,608.0,1.0,1.0,04032023NGUB03,nguja,f,glean,glean,2.0
162,50,ndrolo,dzindrolo,Caranguejo,Portunus pelagicus,Portunidae,crustacean,crabs,1.0,3.0,high,0.1,0.1,3.0,2.0,2.0,4.0,12.0,16.0,400.0,426.66666666666663,0.0,0.0,0.0,0.0,400.0,426.66666666666663,3230.666666666666,1026.6666666666665,0.12381345439537765,0.4155844155844156,09032023NHCHB08,nhamaxaxa,f,shrimp_net,shrimp_net,2.0
191,50,ndrolo,dzindrolo,Caranguejo,Portunus pelagicus,Portunidae,crustacean,crabs,1.0,3.0,high,0.3333333333333333,0.6666666666666666,4.0,4.0,1.0,2.0,8.0,16.0,400.0,666.6666666666667,0.0,0.0,1300.0,1300.0,400.0,666.6666666666667,8840.0,3926.6666666666665,0.04524886877828054,0.16977928692699493,04032023NGUB07,nguja,f,shrimp_net,shrimp_net,2.0
189,50,ndrolo,dzindrolo,Caranguejo,Portunus pelagicus,Portunidae,crustacean,crabs,1.0,3.0,high,0.2666666666666666,0.2333333333333333,3.0,4.0,2.0,1.0,12.0,8.0,180.0,0.0,0.0,0.0,0.0,0.0,180.0,0.0,2846.666666666666,8400.0,0.06323185011709603,0.0,04032023NGUB06,nguja,m,gill_net,fish,2.0
7,50,ndrolo,dzindrolo,Caranguejo,Portunus pelagicus,Portunidae,crustacean,crabs,1.0,3.0,high,0.2333333333333333,0.1666666666666666,15.0,15.0,5.0,5.0,150.0,150.0,0.0,0.0,0.0,0.0,0.0,0.0,0.0,0.0,27600.0,0.0,0.0,0.0,13022023NHMUB01,nhamua,m,fence_trap,fish,2.0
158,50,ndrolo,dzindrolo,Caranguejo,Portunus pelagicus,Portunidae,crustacean,crabs,1.0,3.0,high,0.0666666666666666,0.0666666666666666,2.0,0.0,2.0,,8.0,,200.0,0.0,0.0,0.0,0.0,0.0,200.0,0.0,3600.0,800.0,0.05555555555555555,0.0,17022023NHCHB05,nhamaxaxa,m,hand_line,fish,2.0
11,50,ndrolo,dzindrolo,Caranguejo,Portunus pelagicus,Portunidae,crustacean,crabs,1.0,3.0,high,0.1,0.2,6.0,2.0,10.0,2.0,120.0,8.0,800.0,66.66666666666666,1200.0,0.0,6000.0,6000.0,2000.0,66.66666666666666,11973.333333333332,7700.666666666666,0.1670378619153675,0.008657259111765214,13022023NHMUB03,nhamua,m,gill_net,fish,2.0
143,50,ndrolo,dzindrolo,Caranguejo,Portunus pelagicus,Portunidae,crustacean,crabs,1.0,3.0,high,0.1,0.2333333333333333,7.0,7.0,1.0,1.0,14.0,14.0,233.33333333333331,233.33333333333331,0.0,0.0,0.0,0.0,233.33333333333331,233.33333333333331,2300.8666666666663,1866.9999999999998,0.1014110624981891,0.12497768255668631,08022023MADB08,madava,f,shrimp_net,shrimp_net,2.0
258,50,ndrolo,dzindrolo,Caranguejo,Portunus pelagicus,Portunidae,crustacean,crabs,1.0,3.0,high,0.1666666666666666,0.2333333333333333,3.0,7.0,6.0,24.0,36.0,336.0,273.6,2553.6,0.0,0.0,0.0,0.0,273.6,2553.6,12993.6,11817.6,0.02105652013298855,0.21608448415922013,07022023CUGB05,kuguana,m,drag_net,fish,2.0
19,50,ndrolo,dzindrolo,Caranguejo,Portunus pelagicus,Portunidae,crustacean,crabs,1.0,3.0,high,0.0333333333333333,0.0333333333333333,1.0,1.0,3.0,3.0,6.0,6.0,225.0,225.0,0.0,0.0,0.0,0.0,225.0,225.0,8325.0,4225.0,0.02702702702702703,0.05325443786982249,15022023JOSB01,josina_machel,m,gill_net,fish,2.0
126,50,ndrolo,dzindrolo,Caranguejo,Portunus pelagicus,Portunidae,crustacean,crabs,1.0,3.0,high,0.1666666666666666,0.1666666666666666,8.0,8.0,4.0,2.5,64.0,40.0,640.0,666.6666666666666,0.0,0.0,0.0,0.0,640.0,666.6666666666666,9082.666666666666,4002.666666666667,0.0704638872577804,0.16655562958027978,08022023MADB04,madava,f,shrimp_net,shrimp_net,2.0
231,50,ndrolo,dzindrolo,Caranguejo,Portunus pelagicus,Portunidae,crustacean,crabs,1.0,3.0,high,0.1666666666666666,0.8333333333333334,5.0,10.0,2.0,8.0,20.0,160.0,500.0,7000.0,0.0,0.0,0.0,0.0,500.0,7000.0,13940.0,7504.0,0.035868005738880916,0.9328358208955224,1902023ILHB06,ilha,f,glean,glean,2.0
0,50,ndrolo,dzindrolo,Caranguejo,Portunus pelagicus,Portunidae,crustacean,crabs,1.0,3.0,high,1.0,1.0,4.0,4.0,1.0,1.0,8.0,8.0,333.33333333333337,333.33333333333337,0.0,0.0,300.0,300.0,333.33333333333337,333.33333333333337,633.3333333333334,633.3333333333334,0.5263157894736843,0.5263157894736843,13022023NHAMUB02,nhamua,f,glean,glean,2.0
246,50,ndrolo,dzindrolo,Caranguejo,Portunus pelagicus,Portunidae,crustacean,crabs,1.0,3.0,high,0.1333333333333333,0.2333333333333333,4.0,15.0,5.0,12.5,40.0,375.0,1000.0,8750.0,240.0,3749.9999999999986,16500.0,16500.0,1240.0,12499.999999999998,22912.0,68260.25,0.05412011173184358,0.18312268120904918,24012023CUGB02,kuguana,m,gill_net,fish,2.0
52,50,ndrolo,dzindrolo,Caranguejo,Portunus pelagicus,Portunidae,crustacean,crabs,1.0,3.0,high,0.0666666666666666,0.0,9.0,,2.0,,36.0,,419.99999999999994,0.0,0.0,0.0,0.0,0.0,419.99999999999994,0.0,30822.619047619046,3834.666666666667,0.013626356649028618,0.0,04022023CHAB07,chamane,m,gill_net,fish,2.0
171,50,ndrolo,dzindrolo,Caranguejo,Portunus pelagicus,Portunidae,crustacean,crabs,1.0,3.0,high,0.3,0.6666666666666666,4.0,6.0,1.0,4.0,8.0,48.0,400.0,960.0,0.0,0.0,0.0,0.0,400.0,960.0,400.0,960.0,1.0,1.0,14022023SAHB05,sahane,f,glean,glean,2.0
223,50,ndrolo,dzindrolo,Caranguejo,Portunus pelagicus,Portunidae,crustacean,crabs,1.0,3.0,high,0.2,0.2,15.0,15.0,12.0,6.0,360.0,180.0,12600.0,6300.0,0.0,0.0,0.0,0.0,12600.0,6300.0,27960.0,26640.0,0.45064377682403434,0.23648648648648649,18022023ILHB01,ilha,m,fence_trap,fish,2.0
92,50,ndrolo,dzindrolo,Caranguejo,Portunus pelagicus,Portunidae,crustacean,crabs,1.0,3.0,high,0.0333333333333333,0.0,1.0,,0.625,,1.25,,0.0,0.0,0.0,0.0,100.0,100.0,0.0,0.0,100.0,100.0,0.0,0.0,02022023MARB08,marrambone,m,basket_trap,fish,2.0
93,50,ndrolo,dzindrolo,Caranguejo,Portunus pelagicus,Portunidae,crustacean,crabs,1.0,3.0,high,0.2,0.1333333333333333,4.0,4.0,1.0,1.0,8.0,8.0,306.6666666666667,306.6666666666667,0.0,0.0,0.0,0.0,306.6666666666667,306.6666666666667,4306.666666666666,1640.0000000000002,0.07120743034055729,0.18699186991869918,02022023MARB09,marrambone,f,shrimp_net,shrimp_net,2.0
47,50,ndrolo,dzindrolo,Caranguejo,Portunus pelagicus,Portunidae,crustacean,crabs,1.0,3.0,high,0.7666666666666667,0.8666666666666667,11.0,4.0,3.0,2.0,66.0,16.0,2640.0,453.3333333333333,0.0,0.0,0.0,0.0,2640.0,453.3333333333333,3160.0,773.3333333333333,0.8354430379746836,0.5862068965517242,04022023CHAB06,chamane,f,glean,glean,2.0
82,50,ndrolo,dzindrolo,Caranguejo,Portunus pelagicus,Portunidae,crustacean,crabs,1.0,3.0,high,0.2333333333333333,0.1333333333333333,15.0,4.0,12.0,6.0,360.0,48.0,8000.000000000001,1920.0000000000002,7199.999999999998,720.0000000000001,6500.0,6500.0,15200.0,4740.0,49668.66666666666,26501.6,0.3060279451834155,0.1788571256075105,02022023MARB05,marrambone,m,fence_trap,fish,2.0
211,50,ndrolo,dzindrolo,Caranguejo,Portunus pelagicus,Portunidae,crustacean,crabs,1.0,3.0,high,0.1333333333333333,0.1333333333333333,15.0,15.0,75.0,50.0,,,8820.0,7279.999999999999,0.0,0.0,0.0,0.0,8820.0,7279.999999999999,63280.0,42665.0,0.13938053097345132,0.17063166529942575,O1O22023MOR06,morrumbene,m,drag_net,fish,2.0
43,50,ndrolo,dzindrolo,Caranguejo,Portunus pelagicus,Portunidae,crustacean,crabs,1.0,3.0,high,0.0333333333333333,0.1,6.0,3.0,5.0,2.0,60.0,12.0,499.99999999999983,139.99999999999994,0.0,0.0,0.0,0.0,499.99999999999983,139.99999999999994,19519.04761904762,6535.428571428572,0.02561600390339106,0.02142170149514732,04022023CHAB03,chamane,m,shrimp_net,shrimp_net,2.0
99,50,ndrolo,dzindrolo,Caranguejo,Portunus pelagicus,Portunidae,crustacean,crabs,1.0,3.0,high,0.1333333333333333,0.1,4.0,3.0,12.0,24.0,96.0,144.0,4223.999999999999,7392.0,0.0,0.0,0.0,0.0,4223.999999999999,7392.0,46944.0,72352.0,0.08997955010224946,0.1021671826625387,31012023MUCB01,mucucune,m,fence_trap,fish,2.0
36,50,ndrolo,dzindrolo,Caranguejo,Portunus pelagicus,Portunidae,crustacean,crabs,1.0,3.0,high,1.0,0.0,5.0,,4.0,,40.0,,733.3333333333333,0.0,0.0,0.0,750.0,750.0,733.3333333333333,0.0,1483.3333333333333,750.0,0.4943820224719101,0.0,04022023CHAB01,chamane,m,glean,glean,2.0
104,50,ndrolo,dzindrolo,Caranguejo,Portunus pelagicus,Portunidae,crustacean,crabs,1.0,3.0,high,0.1333333333333333,0.1,10.0,3.0,22.5,7.5,450.0,45.0,16500.0,2310.0,0.0,0.0,4000.0,4000.0,16500.0,2310.0,32500.0,20496.666666666664,0.5076923076923077,0.11270125223613597,31012023MUB02,mucucune,m,fence_trap,fish,2.0
57,50,ndrolo,dzindrolo,Caranguejo,Portunus pelagicus,Portunidae,crustacean,crabs,1.0,3.0,high,0.2,0.2,3.0,3.0,10.0,3.0,60.0,18.0,0.0,0.0,0.0,0.0,0.0,0.0,0.0,0.0,3479.733333333334,1068.8000000000002,0.0,0.0,04022023CHAB08,chamane,m,shrimp_net,shrimp_net,2.0
105,50,ndrolo,dzindrolo,Caranguejo,Portunus pelagicus,Portunidae,crustacean,crabs,1.0,3.0,high,0.1666666666666666,0.0333333333333333,2.0,3.0,5.0,1.3,20.0,7.800000000000001,666.6666666666667,135.2,0.0,0.0,0.0,0.0,666.6666666666667,135.2,1261.6666666666665,471.2,0.5284015852047558,0.2869269949066214,31012023MUCB03,mucucune,f,glean,glean,2.0
60,50,ndrolo,dzindrolo,Caranguejo,Portunus pelagicus,Portunidae,crustacean,crabs,1.0,3.0,high,0.3666666666666666,0.5666666666666667,5.0,3.0,1.0,2.0,10.0,12.0,150.0,380.0,0.0,288.00000000000006,2000.0,2000.0,150.0,668.0,7083.333333333334,3888.0,0.021176470588235293,0.17181069958847736,26012023MARB01,marrambone,f,shrimp_net,shrimp_net,2.0
107,50,ndrolo,dzindrolo,Caranguejo,Portunus pelagicus,Portunidae,crustacean,crabs,1.0,3.0,high,0.6,0.6333333333333333,8.0,15.0,8.0,15.0,128.0,450.0,3413.3333333333335,15750.0,0.0,0.0,0.0,0.0,3413.3333333333335,15750.0,4253.333333333334,15750.0,0.8025078369905956,1.0,31012023MUCB04,mucucune,f,glean,glean,2.0
248,50,ndrolo,dzindrolo,Caranguejo,Portunus pelagicus,Portunidae,crustacean,crabs,1.0,3.0,high,0.3,0.4666666666666667,5.0,5.0,3.0,1.0,30.0,10.0,1350.0,383.33333333333337,0.0,0.0,0.0,0.0,1350.0,383.33333333333337,3786.0,1036.6666666666665,0.35657686212361334,0.369774919614148,07022023CUGB03,kuguana,f,glean,glean,2.0
33,50,ndrolo,dzindrolo,Caranguejo,Portunus pelagicus,Portunidae,crustacean,crabs,1.0,3.0,high,0.7666666666666667,0.9,5.0,4.0,12.0,6.0,120.0,48.0,5000.0,1600.0,0.0,0.0,0.0,0.0,5000.0,1600.0,5000.0,1600.0,1.0,1.0,15022023JOSB07,josina_machel,m,diving,fish,2.0
227,50,ndrolo,dzindrolo,Caranguejo,Portunus pelagicus,Portunidae,crustacean,crabs,1.0,3.0,high,1.0,1.0,8.0,8.0,2.0,1.0,32.0,16.0,1600.0,800.0,0.0,0.0,0.0,0.0,1600.0,800.0,1600.0,800.0,1.0,1.0,18022023ILHB03,ilha,f,glean,glean,2.0
28,50,ndrolo,dzindrolo,Caranguejo,Portunus pelagicus,Portunidae,crustacean,crabs,1.0,3.0,high,0.1333333333333333,0.1333333333333333,2.0,2.0,1.0,1.0,4.0,4.0,0.0,0.0,0.0,0.0,5000.0,5000.0,4750.0,4000.0,20264.285714285714,20611.428571428572,0.23440253789213958,0.19406709176601053,15022023JOSB05,josina_machel,f,shrimp_net,shrimp_net,2.0
253,50,ndrolo,dzindrolo,Caranguejo,Portunus pelagicus,Portunidae,crustacean,crabs,1.0,3.0,high,0.1666666666666666,0.0,5.0,,36.0,,360.0,,5940.000000000001,0.0,0.0,0.0,0.0,0.0,5940.000000000001,0.0,47696.0,28390.0,0.1245387453874539,0.0,07022023CUGB04,kuguana,f,drag_net,fish,2.0
116,50,ndrolo,dzindrolo,Caranguejo,Portunus pelagicus,Portunidae,crustacean,crabs,1.0,3.0,high,0.5666666666666667,0.5666666666666667,11.0,11.0,8.0,8.0,176.0,176.0,4180.0,4737.333333333333,0.0,0.0,0.0,0.0,4180.0,4737.333333333333,4180.0,4737.333333333333,1.0,1.0,31012023MUCB06,mucucune,m,gill_net,fish,2.0
26,50,ndrolo,dzindrolo,Caranguejo,Portunus pelagicus,Portunidae,crustacean,crabs,1.0,3.0,high,0.3333333333333333,0.3333333333333333,12.0,12.0,1.0,1.0,24.0,24.0,0.0,0.0,0.0,0.0,0.0,0.0,0.0,0.0,9099.999999999998,9099.999999999998,0.0,0.0,15022023JOSB04,josina_machel,m,shrimp_net,shrimp_net,2.0
216,50,ndrolo,dzindrolo,Caranguejo,Portunus pelagicus,Portunidae,crustacean,crabs,1.0,3.0,high,0.3,0.2666666666666666,15.0,3.0,100.0,25.0,,150.0,16000.0,800.0,1666.6666666666652,166.6666666666665,0.0,1250.0,17666.666666666664,966.6666666666665,48326.666666666664,6302.666666666666,0.365567664505449,0.15337423312883436,01022023MORB07,morrumbene,m,drag_net,fish,2.0
65,50,ndrolo,dzindrolo,Caranguejo,Portunus pelagicus,Portunidae,crustacean,crabs,1.0,3.0,high,0.1666666666666666,0.2666666666666666,15.0,15.0,10.0,4.0,300.0,120.0,7000.0,8400.0,0.0,0.0,0.0,0.0,7000.0,8400.0,18326.666666666664,15433.333333333334,0.3819570753001092,0.5442764578833693,02022023MARB02,marrambone,f,glean,glean,2.0
70,50,ndrolo,dzindrolo,Caranguejo,Portunus pelagicus,Portunidae,crustacean,crabs,1.0,3.0,high,0.4,0.2666666666666666,6.0,3.0,2.0,1.0,24.0,6.0,359.99999999999994,125.99999999999999,0.0,0.0,0.0,200.0,359.99999999999994,125.99999999999999,5693.333333333333,1686.0000000000002,0.063231850117096,0.07473309608540923,02022023MARB03,marrambone,f,shrimp_net,shrimp_net,2.0
122,50,ndrolo,dzindrolo,Caranguejo,Portunus pelagicus,Portunidae,crustacean,crabs,1.0,3.0,high,0.0666666666666666,0.1333333333333333,4.0,4.0,2.0,1.5,16.0,12.0,362.66666666666663,340.0,0.0,0.0,1750.0,1750.0,362.66666666666663,340.0,73072.66666666666,21490.0,0.004963096096123494,0.01582131223825035,08022023MADB03,madava,m,fence_trap,fish,2.0
233,50,ndrolo,dzindrolo,Caranguejo,Portunus pelagicus,Portunidae,crustacean,crabs,1.0,3.0,high,0.1666666666666666,0.1,2.0,3.0,1.5,6.0,6.0,36.0,0.0,900.0,0.0,0.0,0.0,0.0,0.0,900.0,3610.5333333333333,15331.733333333334,0.0,0.05870177757679062,19022023ILHB08,ilha,f,glean,glean,2.0
91,50,ndrolo,dzindrolo,Caranguejo,Portunus pelagicus,Portunidae,crustacean,crabs,1.0,3.0,high,0.1,0.0666666666666666,4.0,2.0,12.0,4.0,96.0,16.0,1439.9999999999998,725.3333333333333,716.7999999999998,74.66666666666664,0.0,0.0,2156.7999999999997,799.9999999999999,41391.8,9924.583333333332,0.05210693905556172,0.08060791804861665,02022023MARB07,marrambone,m,gill_net,fish,2.0
241,50,ndrolo,dzindrolo,Caranguejo,Portunus pelagicus,Portunidae,crustacean,crabs,1.0,3.0,high,0.1333333333333333,0.1333333333333333,15.0,15.0,100.0,5.0,,150.0,36000.0,1800.0,0.0,0.0,2000.0,0.0,36000.0,1800.0,70135.0,15840.0,0.5132957866970842,0.11363636363636363,24012023CUGB01,kuguana,m,drag_net,fish,2.0
265,52,gihologo,sihologo,Santola,Scylla serrata ,Portunidae,crustacean,crabs,1.0,0.0,none,0.2666666666666666,0.3333333333333333,5.0,4.0,1.0,2.0,10.0,16.0,0.0,0.0,0.0,0.0,0.0,0.0,0.0,0.0,0.0,0.0,0.0,0.0,07022023CUGB07,kuguana,m,fence_trap,fish,0.0
127,52,gihologo,sihologo,Santola,Scylla serrata ,Portunidae,crustacean,crabs,1.0,0.0,none,0.0333333333333333,0.3,8.0,8.0,4.0,2.0,64.0,32.0,2000.0,1000.0,0.0,0.0,0.0,0.0,2000.0,1000.0,9082.666666666666,4002.666666666667,0.22019964768056371,0.2498334443704197,08022023MADB04,madava,f,shrimp_net,shrimp_net,0.0
262,52,gihologo,sihologo,Santola,Scylla serrata ,Portunidae,crustacean,crabs,1.0,0.0,none,0.2333333333333333,0.4,5.0,4.0,3.0,1.0,30.0,8.0,500.0,133.33333333333331,0.0,0.0,0.0,0.0,500.0,133.33333333333331,30100.0,10653.333333333332,0.016611295681063124,0.012515644555694618,07022023CUGB06,kuguana,m,fence_trap,fish,0.0
144,52,gihologo,sihologo,Santola,Scylla serrata ,Portunidae,crustacean,crabs,1.0,0.0,none,0.2333333333333333,0.2666666666666666,3.0,3.0,1.0,1.0,6.0,6.0,100.0,100.0,0.0,0.0,0.0,0.0,100.0,100.0,2300.8666666666663,1866.9999999999998,0.043461883927795326,0.053561863952865565,08022023MADB08,madava,f,shrimp_net,shrimp_net,0.0
247,52,gihologo,sihologo,Santola,Scylla serrata ,Portunidae,crustacean,crabs,1.0,0.0,none,0.1,0.2,15.0,15.0,5.0,6.0,150.0,180.0,1320.0,1584.0000000000002,1499.9999999999993,1439.9999999999995,16500.0,16500.0,2819.999999999999,3024.0,22912.0,68260.25,0.12307960893854744,0.04430103903809318,24012023CUGB02,kuguana,m,shrimp_net,shrimp_net,0.0
138,52,gihologo,sihologo,Santola,Scylla serrata ,Portunidae,crustacean,crabs,1.0,0.0,none,0.2,0.1666666666666666,3.0,6.0,4.0,6.0,24.0,72.0,0.0,0.0,0.0,0.0,0.0,0.0,0.0,0.0,26283.333333333332,9786.666666666666,0.0,0.0,08022023MADB06,madava,m,gill_net,fish,0.0
133,52,gihologo,sihologo,Santola,Scylla serrata ,Portunidae,crustacean,crabs,1.0,0.0,none,0.1666666666666666,0.2,2.0,4.0,12.0,18.0,48.0,144.0,1600.0,7200.0,2400.0,7200.0,200.0,0.0,4000.0,14400.0,19945.0,37738.666666666664,0.20055151667084484,0.3815715093273036,08022023MADB05,madava,m,gill_net,fish,0.0
119,52,gihologo,sihologo,Santola,Scylla serrata ,Portunidae,crustacean,crabs,1.0,0.0,none,0.1333333333333333,0.1333333333333333,3.0,3.0,2.0,1.0,12.0,6.0,150.0,0.0,0.0,0.0,500.0,0.0,150.0,0.0,23850.0,1440.0,0.006289308176100629,0.0,08022023MADB01,madava,f,shrimp_net,shrimp_net,0.0
123,52,gihologo,sihologo,Santola,Scylla serrata ,Portunidae,crustacean,crabs,1.0,0.0,none,0.4,0.3,4.0,4.0,12.0,2.0,96.0,16.0,400.0,1200.0,0.0,0.0,1750.0,1750.0,400.0,1200.0,73072.66666666666,21490.0,0.005474003047195031,0.05583992554676594,08022023MADB03,madava,m,fence_trap,fish,0.0
239,53,lisaba,masaba,Camarao tigre gigante,Penaeus monodon,Penaeidae,crustacean,prawns,1.0,0.0,none,0.0666666666666666,0.0666666666666666,4.0,15.0,2.0,0.0,16.0,0.0,3360.0,0.0,0.0,0.0,2000.0,0.0,3360.0,0.0,70135.0,15840.0,0.047907606758394526,0.0,24012023CUGB01,kuguana,m,drag_net,fish,0.0
259,53,lisaba,masaba,Camarao tigre gigante,Penaeus monodon,Penaeidae,crustacean,prawns,1.0,0.0,none,0.1666666666666666,0.1333333333333333,4.0,2.0,2.0,1.0,16.0,4.0,1728.0,480.0,0.0,0.0,0.0,0.0,1728.0,480.0,12993.6,11817.6,0.1329885482083487,0.04061738424045491,07022023CUGB05,kuguana,m,drag_net,fish,0.0
245,53,lisaba,masaba,Camarao tigre gigante,Penaeus monodon,Penaeidae,crustacean,prawns,1.0,0.0,none,0.2666666666666666,0.2333333333333333,15.0,4.0,15.0,10.5,450.0,84.0,0.0,0.0,0.0,0.0,16500.0,16500.0,0.0,0.0,22912.0,68260.25,0.0,0.0,24012023CUGB02,kuguana,m,gill_net,fish,0.0
266,53,lisaba,masaba,Camarao tigre gigante,Penaeus monodon,Penaeidae,crustacean,prawns,1.0,0.0,none,0.4,0.4333333333333333,8.0,4.0,2.0,1.5,32.0,12.0,0.0,0.0,0.0,0.0,0.0,0.0,0.0,0.0,0.0,0.0,0.0,0.0,07022023CUGB07,kuguana,m,fence_trap,fish,0.0
263,53,lisaba,masaba,Camarao tigre gigante,Penaeus monodon,Penaeidae,crustacean,prawns,1.0,0.0,none,0.2,0.2333333333333333,6.0,4.0,2.0,1.0,24.0,8.0,14400.0,5200.0,0.0,0.0,0.0,0.0,14400.0,5200.0,30100.0,10653.333333333332,0.47840531561461797,0.48811013767209016,07022023CUGB06,kuguana,m,fence_trap,fish,0.0
254,53,lisaba,masaba,Camarao tigre gigante,Penaeus monodon,Penaeidae,crustacean,prawns,1.0,0.0,none,0.3333333333333333,0.0666666666666666,3.0,5.0,12.0,6.0,72.0,60.0,16200.0,15000.0,0.0,0.0,0.0,0.0,16200.0,15000.0,47696.0,28390.0,0.3396511237839651,0.528355054596689,07022023CUGB04,kuguana,f,shrimp_net,shrimp_net,0.0
134,53,lisaba,masaba,Camarao tigre gigante,Penaeus monodon,Penaeidae,crustacean,prawns,1.0,0.0,none,0.2,0.2666666666666666,5.0,7.0,2.0,4.0,20.0,56.0,12000.0,0.0,0.0,0.0,200.0,0.0,12000.0,0.0,19945.0,37738.666666666664,0.6016545500125344,0.0,08022023MADB05,madava,m,gill_net,fish,0.0
124,53,lisaba,masaba,Camarao tigre gigante,Penaeus monodon,Penaeidae,crustacean,prawns,1.0,0.0,none,0.1666666666666666,0.1333333333333333,7.0,7.0,6.0,1.0,84.0,14.0,50400.0,9800.0,0.0,0.0,1750.0,1750.0,50400.0,9800.0,73072.66666666666,21490.0,0.6897243839465739,0.4560260586319218,08022023MADB03,madava,m,fence_trap,fish,0.0
120,53,lisaba,masaba,Camarao tigre gigante,Penaeus monodon,Penaeidae,crustacean,prawns,1.0,0.0,none,0.4,0.2333333333333333,6.0,0.0,3.0,,36.0,,14400.0,0.0,0.0,0.0,500.0,0.0,14800.0,0.0,23850.0,1440.0,0.6205450733752621,0.0,08022023MADB01,madava,f,fence_trap,fish,0.0
139,53,lisaba,masaba,Camarao tigre gigante,Penaeus monodon,Penaeidae,crustacean,prawns,1.0,0.0,none,0.2666666666666666,0.2333333333333333,7.0,6.0,2.0,3.0,28.0,36.0,3850.0,5400.0,0.0,0.0,0.0,0.0,3850.0,5400.0,26283.333333333332,9786.666666666666,0.14648065948002537,0.5517711171662125,08022023MADB06,madava,m,gill_net,fish,0.0
145,53,lisaba,masaba,Camarao tigre gigante,Penaeus monodon,Penaeidae,crustacean,prawns,1.0,0.0,none,0.1666666666666666,0.0666666666666666,7.0,7.0,0.75,0.75,10.5,10.5,315.0,315.0,0.0,0.0,0.0,0.0,315.0,315.0,2300.8666666666663,1866.9999999999998,0.1369049343725553,0.16871987145152653,08022023MADB08,madava,f,shrimp_net,shrimp_net,0.0
212,54,honho,mihonho,Lula,Loliginidae,Loliginidae,cephlopod,cephlopods,1.0,1.0,low,0.1333333333333333,0.1,2.0,15.0,12.5,5.0,50.0,150.0,2625.0,8085.0,0.0,0.0,0.0,0.0,2625.0,8085.0,63280.0,42665.0,0.041482300884955754,0.18949958982772763,O1O22023MOR06,morrumbene,m,drag_net,fish,0.0
217,54,honho,mihonho,Lula,Loliginidae,Loliginidae,cephlopod,cephlopods,1.0,1.0,low,0.1,0.1666666666666666,3.0,3.0,10.0,2.0,60.0,12.0,1500.0,300.00000000000006,0.0,0.0,0.0,1250.0,1500.0,300.00000000000006,48326.666666666664,6302.666666666666,0.031038763967443785,0.047598899936534815,01022023MORB07,morrumbene,m,drag_net,fish,0.0
260,55,gudua,,Choco,Sepiidae,Sepiidae,cephlopod,cephlopods,1.0,3.0,high,0.3,0.1333333333333333,10.0,7.0,10.0,6.0,200.0,84.0,7200.0,3024.0,0.0,0.0,0.0,0.0,7200.0,3024.0,12993.6,11817.6,0.5541189508681197,0.255889520714866,07022023CUGB05,kuguana,m,drag_net,fish,1.0
255,55,gudua,,Choco,Sepiidae,Sepiidae,cephlopod,cephlopods,1.0,3.0,high,0.1666666666666666,0.2333333333333333,5.0,5.0,24.0,12.0,240.0,120.0,14256.0,9900.0,0.0,0.0,0.0,0.0,14256.0,9900.0,47696.0,28390.0,0.2988929889298893,0.34871433603381474,07022023CUGB04,kuguana,f,drag_net,fish,1.0
242,55,gudua,,Choco,Sepiidae,Sepiidae,cephlopod,cephlopods,1.0,3.0,high,0.1333333333333333,0.1666666666666666,15.0,7.0,15.0,6.0,450.0,84.0,22275.0,5040.0,0.0,0.0,2000.0,0.0,22275.0,5040.0,70135.0,15840.0,0.31760176801882084,0.3181818181818182,24012023CUGB01,kuguana,m,drag_net,fish,1.0
29,56,lipandzi,mavbandzi,Camarao,Penaeidae,Penaeidae,crustacean,prawns,1.0,1.5,mod,0.8666666666666667,0.8666666666666667,4.0,4.0,12.0,12.0,96.0,96.0,5485.714285714286,6582.857142857144,5028.5714285714275,5028.5714285714275,5000.0,5000.0,10514.285714285714,11611.428571428572,20264.285714285714,20611.428571428572,0.5188579485371871,0.5633490435264763,15022023JOSB05,josina_machel,f,shrimp_net,shrimp_net,1.0
213,56,lipandzi,mavbandzi,Camarao,Penaeidae,Penaeidae,crustacean,prawns,1.0,1.5,mod,0.1333333333333333,0.1,15.0,15.0,6.0,4.0,180.0,120.0,16799.999999999996,14280.0,0.0,0.0,0.0,0.0,16799.999999999996,14280.0,63280.0,42665.0,0.2654867256637168,0.33470057424118127,O1O22023MOR06,morrumbene,m,drag_net,fish,1.0
121,56,lipandzi,mavbandzi,Camarao,Penaeidae,Penaeidae,crustacean,prawns,1.0,1.5,mod,0.4666666666666667,0.6333333333333333,15.0,3.0,5.0,3.0,150.0,18.0,7800.0,1440.0,0.0,0.0,500.0,0.0,8400.0,1440.0,23850.0,1440.0,0.3522012578616352,1.0,08022023MADB01,madava,f,shrimp_net,shrimp_net,1.0
14,56,lipandzi,mavbandzi,Camarao,Penaeidae,Penaeidae,crustacean,prawns,1.0,1.5,mod,1.0,1.0,4.0,3.0,12.0,2.0999999999999996,96.0,12.6,3520.0,554.3999999999999,2560.0000000000005,335.99999999999994,0.0,0.0,6080.0,890.3999999999999,6080.0,890.3999999999999,1.0,1.0,16022023NHMUB04,nhamua,f,shrimp_net,shrimp_net,1.0
118,56,lipandzi,mavbandzi,Camarao,Penaeidae,Penaeidae,crustacean,prawns,1.0,1.5,mod,1.0,1.0,5.0,15.0,10.5,3.15,105.0,94.5,18000.0,18900.0,1999.9999999999995,1799.9999999999998,0.0,0.0,20000.0,20700.0,20000.0,20700.0,1.0,1.0,31012023MUCB08,mucucune,f,shrimp_net,shrimp_net,1.0
218,56,lipandzi,mavbandzi,Camarao,Penaeidae,Penaeidae,crustacean,prawns,1.0,1.5,mod,0.2666666666666666,0.0333333333333333,15.0,0.0,75.0,,,,19125.0,0.0,0.0,0.0,0.0,1250.0,19125.0,0.0,48326.666666666664,6302.666666666666,0.39574424058490826,0.0,01022023MORB07,morrumbene,m,drag_net,fish,1.0
117,56,lipandzi,mavbandzi,Camarao,Penaeidae,Penaeidae,crustacean,prawns,1.0,1.5,mod,1.0,1.0,10.0,6.0,1.0499999999999998,0.875,21.0,10.5,4200.0,2399.9999999999995,240.00000000000003,179.99999999999997,0.0,0.0,4440.0,2579.9999999999995,4440.0,2579.9999999999995,1.0,1.0,31012023MUCB07,mucucune,f,shrimp_net,shrimp_net,1.0
264,56,lipandzi,mavbandzi,Camarao,Penaeidae,Penaeidae,crustacean,prawns,1.0,1.5,mod,0.5666666666666667,0.3666666666666666,12.0,7.0,4.0,2.0,96.0,28.0,15200.0,5320.0,0.0,0.0,0.0,0.0,15200.0,5320.0,30100.0,10653.333333333332,0.5049833887043189,0.4993742177722153,07022023CUGB06,kuguana,m,fence_trap,fish,1.0
94,56,lipandzi,mavbandzi,Camarao,Penaeidae,Penaeidae,crustacean,prawns,1.0,1.5,mod,0.8,0.8666666666666667,4.0,4.0,4.199999999999999,1.4,33.599999999999994,11.2,3999.9999999999995,1333.3333333333335,0.0,0.0,0.0,0.0,3999.9999999999995,1333.3333333333335,4306.666666666666,1640.0000000000002,0.9287925696594428,0.8130081300813008,02022023MARB09,marrambone,f,shrimp_net,shrimp_net,1.0
83,56,lipandzi,mavbandzi,Camarao,Penaeidae,Penaeidae,crustacean,prawns,1.0,1.5,mod,0.1,0.0,15.0,,1.0499999999999998,,31.499999999999996,,1500.0,0.0,1169.9999999999998,0.0,6500.0,6500.0,2670.0,4000.0,49668.66666666666,26501.6,0.053756224581560486,0.15093428321308902,02022023MARB05,marrambone,m,fence_trap,fish,1.0
224,56,lipandzi,mavbandzi,Camarao,Penaeidae,Penaeidae,crustacean,prawns,1.0,1.5,mod,0.2,0.4,4.0,6.0,4.199999999999999,5.25,33.599999999999994,62.99999999999999,2047.9999999999995,4799.999999999998,959.9999999999999,1799.9999999999998,0.0,0.0,3007.9999999999995,6599.999999999998,7563.999999999999,17819.999999999996,0.39767318878900054,0.37037037037037035,18022023ILHB02,ilha,f,shrimp_net,shrimp_net,1.0
228,56,lipandzi,mavbandzi,Camarao,Penaeidae,Penaeidae,crustacean,prawns,1.0,1.5,mod,1.0,1.0,6.0,6.0,12.0,2.8,144.0,33.599999999999994,9600.0,2799.9999999999995,0.0,0.0,0.0,0.0,9600.0,2799.9999999999995,9600.0,2799.9999999999995,1.0,1.0,18022023ILHB04,ilha,m,shrimp_net,shrimp_net,1.0
76,56,lipandzi,mavbandzi,Camarao,Penaeidae,Penaeidae,crustacean,prawns,1.0,1.5,mod,0.1666666666666666,0.1666666666666666,6.0,6.0,12.0,3.5,144.0,42.0,9600.0,5039.999999999999,7199.999999999996,0.0,0.0,0.0,16799.999999999996,5039.999999999999,27749.999999999996,28613.333333333332,0.6054054054054053,0.17614165890027955,02022023MARB04,marrambone,f,shrimp_net,shrimp_net,1.0
71,56,lipandzi,mavbandzi,Camarao,Penaeidae,Penaeidae,crustacean,prawns,1.0,1.5,mod,0.4333333333333333,0.6333333333333333,8.0,4.0,4.375,1.75,70.0,14.0,5333.333333333333,1360.0000000000002,0.0,0.0,0.0,200.0,5333.333333333333,1360.0000000000002,5693.333333333333,1686.0000000000002,0.936768149882904,0.8066429418742587,02022023MARB03,marrambone,f,shrimp_net,shrimp_net,1.0
232,56,lipandzi,mavbandzi,Camarao,Penaeidae,Penaeidae,crustacean,prawns,1.0,1.5,mod,0.8333333333333334,0.1666666666666666,7.0,2.0,24.0,1.75,336.0,7.0,13440.0,504.0,0.0,0.0,0.0,0.0,13440.0,504.0,13940.0,7504.0,0.9641319942611191,0.06716417910447761,1902023ILHB06,ilha,f,shrimp_net,shrimp_net,1.0
66,56,lipandzi,mavbandzi,Camarao,Penaeidae,Penaeidae,crustacean,prawns,1.0,1.5,mod,0.2333333333333333,0.3333333333333333,7.0,15.0,5.25,1.75,73.5,52.5,4199.999999999999,6300.000000000001,6859.999999999998,0.0,0.0,0.0,11059.999999999996,6300.000000000001,18326.666666666664,15433.333333333334,0.6034921789741723,0.40820734341252707,02022023MARB02,marrambone,f,shrimp_net,shrimp_net,1.0
17,56,lipandzi,mavbandzi,Camarao,Penaeidae,Penaeidae,crustacean,prawns,1.0,1.5,mod,1.0,1.0,3.0,3.0,3.5,2.625,21.0,15.749999999999998,1699.9999999999995,1529.9999999999995,671.9999999999999,503.9999999999999,0.0,0.0,3171.9999999999995,2833.9999999999995,3171.9999999999995,2833.9999999999995,1.0,1.0,16022023NHMUB08,nhamua,f,shrimp_net,shrimp_net,1.0
256,56,lipandzi,mavbandzi,Camarao,Penaeidae,Penaeidae,crustacean,prawns,1.0,1.5,mod,0.1,0.3666666666666666,5.0,5.0,10.0,2.5,100.0,25.0,8000.0,2500.0,0.0,0.0,0.0,0.0,8000.0,2500.0,47696.0,28390.0,0.1677289500167729,0.08805917576611483,07022023CUGB04,kuguana,f,shrimp_net,shrimp_net,1.0
58,56,lipandzi,mavbandzi,Camarao,Penaeidae,Penaeidae,crustacean,prawns,1.0,1.5,mod,0.1666666666666666,0.1666666666666666,4.0,4.0,15.0,6.0,120.0,48.0,1000.0,400.0,0.0,0.0,0.0,0.0,1000.0,400.0,3479.733333333334,1068.8000000000002,0.2873783431680588,0.374251497005988,04022023CHAB08,chamane,m,shrimp_net,shrimp_net,1.0
53,56,lipandzi,mavbandzi,Camarao,Penaeidae,Penaeidae,crustacean,prawns,1.0,1.5,mod,0.1333333333333333,0.0333333333333333,2.0,0.0,0.25,1.2249999999999999,1.0,0.0,87.61904761904763,0.0,0.0,0.0,0.0,0.0,87.61904761904763,0.0,30822.619047619046,3834.666666666667,0.0028426866478699167,0.0,04022023CHAB07,chamane,m,hand_line,fish,1.0
240,56,lipandzi,mavbandzi,Camarao,Penaeidae,Penaeidae,crustacean,prawns,1.0,1.5,mod,0.2,0.1333333333333333,15.0,0.0,50.0,0.5,,0.0,0.0,0.0,0.0,0.0,2000.0,0.0,5000.0,0.0,70135.0,15840.0,0.07129108148570613,0.0,24012023CUGB01,kuguana,m,drag_net,fish,1.0
46,56,lipandzi,mavbandzi,Camarao,Penaeidae,Penaeidae,crustacean,prawns,1.0,1.5,mod,1.0,1.0,12.0,12.0,4.375,4.375,105.0,105.0,4999.999999999999,6249.999999999999,0.0,0.0,0.0,0.0,4999.999999999999,6249.999999999999,4999.999999999999,6249.999999999999,1.0,1.0,04022023CHAB05,chamane,m,shrimp_net,shrimp_net,1.0
244,56,lipandzi,mavbandzi,Camarao,Penaeidae,Penaeidae,crustacean,prawns,1.0,1.5,mod,0.2666666666666666,0.1333333333333333,15.0,3.0,50.0,12.5,,75.0,0.0,7796.25,0.0,599.9999999999993,16500.0,16500.0,0.0,8396.25,22912.0,68260.25,0.0,0.12300350496811834,24012023CUGB02,kuguana,m,shrimp_net,shrimp_net,1.0
45,56,lipandzi,mavbandzi,Camarao,Penaeidae,Penaeidae,crustacean,prawns,1.0,1.5,mod,1.0,1.0,4.0,2.0,12.0,1.4,96.0,5.6,5485.714285714286,160.0,857.1428571428569,100.0,0.0,0.0,6342.857142857143,260.0,6342.857142857143,260.0,1.0,1.0,04022023CHAB04,chamane,f,shrimp_net,shrimp_net,1.0
44,56,lipandzi,mavbandzi,Camarao,Penaeidae,Penaeidae,crustacean,prawns,1.0,1.5,mod,0.2333333333333333,0.1,6.0,3.0,8.0,4.0,96.0,24.0,2560.0,1600.0,5485.714285714285,1371.4285714285713,0.0,0.0,8045.714285714285,2971.4285714285716,19519.04761904762,6535.428571428572,0.4121980970968529,0.45466468479496375,04022023CHAB03,chamane,m,shrimp_net,shrimp_net,1.0
249,56,lipandzi,mavbandzi,Camarao,Penaeidae,Penaeidae,crustacean,prawns,1.0,1.5,mod,0.1666666666666666,0.0666666666666666,3.0,0.0,1.5,,9.0,,924.0,0.0,0.0,0.0,0.0,0.0,924.0,0.0,3786.0,1036.6666666666665,0.24405705229793978,0.0,07022023CUGB03,kuguana,f,glean,glean,1.0
27,56,lipandzi,mavbandzi,Camarao,Penaeidae,Penaeidae,crustacean,prawns,1.0,1.5,mod,0.5333333333333333,0.5333333333333333,12.0,12.0,3.0625,3.0625,73.5,73.5,9099.999999999998,9099.999999999998,0.0,0.0,0.0,0.0,9099.999999999998,9099.999999999998,9099.999999999998,9099.999999999998,1.0,1.0,15022023JOSB04,josina_machel,m,shrimp_net,shrimp_net,1.0
59,56,lipandzi,mavbandzi,Camarao,Penaeidae,Penaeidae,crustacean,prawns,1.0,1.5,mod,0.6333333333333333,0.4333333333333333,5.0,3.0,3.5,0.875,35.0,5.25,2133.3333333333335,659.9999999999999,2800.0,559.9999999999998,2000.0,2000.0,4933.333333333334,1219.9999999999995,7083.333333333334,3888.0,0.6964705882352942,0.31378600823045255,26012023MARB01,marrambone,f,shrimp_net,shrimp_net,1.0
174,56,lipandzi,mavbandzi,Camarao,Penaeidae,Penaeidae,crustacean,prawns,1.0,1.5,mod,1.0,1.0,11.0,11.0,1.575,1.0499999999999998,34.65,23.099999999999998,2277.0000000000005,2640.0,0.0,0.0,0.0,0.0,2277.0000000000005,2640.0,2277.0000000000005,2640.0,1.0,1.0,14022023SAHB07,sahane,f,shrimp_net,shrimp_net,1.0
128,56,lipandzi,mavbandzi,Camarao,Penaeidae,Penaeidae,crustacean,prawns,1.0,1.5,mod,0.2333333333333333,0.3,8.0,8.0,4.0,1.5,64.0,24.0,4906.666666666667,1840.0000000000002,1322.6666666666667,496.00000000000006,0.0,0.0,6229.333333333334,2336.0000000000005,9082.666666666666,4002.666666666667,0.6858485026423958,0.5836109260493005,08022023MADB04,madava,f,shrimp_net,shrimp_net,1.0
166,56,lipandzi,mavbandzi,Camarao,Penaeidae,Penaeidae,crustacean,prawns,1.0,1.5,mod,1.0,1.0,4.0,4.0,1.0499999999999998,0.875,8.399999999999999,7.0,419.99999999999994,960.0000000000001,0.0,0.0,0.0,0.0,419.99999999999994,960.0000000000001,419.99999999999994,960.0000000000001,1.0,1.0,14022023SAHB01,sahane,m,shrimp_net,shrimp_net,1.0
163,56,lipandzi,mavbandzi,Camarao,Penaeidae,Penaeidae,crustacean,prawns,1.0,1.5,mod,0.3333333333333333,0.3333333333333333,6.0,3.0,2.8,0.7,33.599999999999994,4.199999999999999,2303.9999999999995,359.99999999999994,426.66666666666663,53.33333333333333,0.0,0.0,2730.666666666666,413.33333333333326,3230.666666666666,1026.6666666666665,0.8452331820057779,0.40259740259740256,09032023NHCHB08,nhamaxaxa,f,shrimp_net,shrimp_net,1.0
148,56,lipandzi,mavbandzi,Camarao,Penaeidae,Penaeidae,crustacean,prawns,1.0,1.5,mod,0.2666666666666666,0.1,7.0,4.0,1.2249999999999999,0.7,17.15,5.6,594.5333333333333,171.73333333333332,0.0,0.0,0.0,0.0,594.5333333333333,171.73333333333332,1394.5333333333333,271.73333333333335,0.42633138923415237,0.6319921491658488,17022023NHCHB01,nhamaxaxa,f,shrimp_net,shrimp_net,1.0
146,56,lipandzi,mavbandzi,Camarao,Penaeidae,Penaeidae,crustacean,prawns,1.0,1.5,mod,0.4,0.3,7.0,7.0,1.75,2.0,24.5,28.0,1633.3333333333333,1026.6666666666665,0.0,0.0,0.0,0.0,1633.3333333333333,1026.6666666666665,2300.8666666666663,1866.9999999999998,0.7098774374873237,0.5499018032494197,08022023MADB08,madava,f,shrimp_net,shrimp_net,1.0
141,56,lipandzi,mavbandzi,Camarao,Penaeidae,Penaeidae,crustacean,prawns,1.0,1.5,mod,0.2,0.2,10.0,10.0,0.5,0.375,10.0,7.5,800.0,0.0,0.0,0.0,660.0,660.0,800.0,0.0,5960.0,4260.0,0.1342281879194631,0.0,08022023MADB07,madava,f,glean,glean,1.0
140,56,lipandzi,mavbandzi,Camarao,Penaeidae,Penaeidae,crustacean,prawns,1.0,1.5,mod,0.3333333333333333,0.2666666666666666,8.0,4.0,20.0,5.0,320.0,40.0,21333.333333333332,3066.6666666666665,0.0,0.0,0.0,0.0,21333.333333333332,3066.6666666666665,26283.333333333332,9786.666666666666,0.8116677235256816,0.3133514986376022,08022023MADB06,madava,m,gill_net,fish,1.0
190,56,lipandzi,mavbandzi,Camarao,Penaeidae,Penaeidae,crustacean,prawns,1.0,1.5,mod,0.6666666666666666,0.3333333333333333,12.0,12.0,2.625,0.875,62.99999999999999,21.0,5040.0,1959.9999999999998,2100.0,0.0,1300.0,1300.0,7140.0,1959.9999999999998,8840.0,3926.6666666666665,0.8076923076923077,0.49915110356536496,04032023NGUB07,nguja,f,shrimp_net,shrimp_net,1.0
192,56,lipandzi,mavbandzi,Camarao,Penaeidae,Penaeidae,crustacean,prawns,1.0,1.5,mod,1.0,1.0,3.0,2.0,5.25,2.0999999999999996,31.499999999999996,8.399999999999999,4619.999999999999,1407.9999999999998,0.0,0.0,0.0,0.0,4619.999999999999,1407.9999999999998,4619.999999999999,1407.9999999999998,1.0,1.0,04032023NGUB08,nguja,f,shrimp_net,shrimp_net,1.0
125,56,lipandzi,mavbandzi,Camarao,Penaeidae,Penaeidae,crustacean,prawns,1.0,1.5,mod,0.3666666666666666,0.4333333333333333,7.0,7.0,8.0,3.0,112.0,42.0,20160.0,8400.0,0.0,0.0,1750.0,1750.0,20160.0,8400.0,73072.66666666666,21490.0,0.27588975357862955,0.39087947882736157,08022023MADB03,madava,m,fence_trap,fish,1.0
194,56,lipandzi,mavbandzi,Camarao,Penaeidae,Penaeidae,crustacean,prawns,1.0,1.5,mod,0.5333333333333333,0.6333333333333333,6.0,6.0,2.5,3.0,30.0,36.0,3200.0,4608.0,0.0,0.0,0.0,0.0,3200.0,4608.0,3200.0,4608.0,1.0,1.0,01022023MORB01,morrumbene,m,shrimp_net,shrimp_net,1.0
195,56,lipandzi,mavbandzi,Camarao,Penaeidae,Penaeidae,crustacean,prawns,1.0,1.5,mod,0.4666666666666667,0.3333333333333333,7.0,7.0,1.75,1.0,24.5,14.0,1388.3333333333333,952.0,0.0,0.0,0.0,0.0,1388.3333333333333,952.0,1631.0,1194.6666666666665,0.8512160228898425,0.7968750000000001,01022023MORB02,morrumbene,f,shrimp_net,shrimp_net,1.0
261,56,lipandzi,mavbandzi,Camarao,Penaeidae,Penaeidae,crustacean,prawns,1.0,1.5,mod,0.2333333333333333,0.1333333333333333,7.0,2.0,5.0,3.0,70.0,12.0,2688.0000000000005,460.79999999999995,0.0,0.0,0.0,0.0,2688.0000000000005,460.79999999999995,12993.6,11817.6,0.2068710749907647,0.03899268887083671,07022023CUGB05,kuguana,m,drag_net,fish,1.0
208,56,lipandzi,mavbandzi,Camarao,Penaeidae,Penaeidae,crustacean,prawns,1.0,1.5,mod,0.1,0.1,5.0,4.0,4.0,3.0,40.0,24.0,3333.333333333333,2400.0,1166.6666666666665,700.0,0.0,0.0,4500.0,3100.0,21260.0,11350.0,0.2116650987770461,0.27312775330396477,01022023MORBO5,morrumbene,m,fence_trap,fish,1.0
135,56,lipandzi,mavbandzi,Camarao,Penaeidae,Penaeidae,crustacean,prawns,1.0,1.5,mod,0.3,0.1666666666666666,14.0,4.0,20.0,5.0,560.0,40.0,0.0,8400.0,0.0,1666.6666666666665,200.0,0.0,0.0,10066.666666666666,19945.0,37738.666666666664,0.0,0.26674674957603167,08022023MADB05,madava,m,gill_net,fish,1.0
199,56,lipandzi,mavbandzi,Camarao,Penaeidae,Penaeidae,crustacean,prawns,1.0,1.5,mod,0.6,0.4,5.0,3.0,2.5,1.25,25.0,7.5,2333.333333333333,839.9999999999999,0.0,0.0,0.0,0.0,2333.333333333333,839.9999999999999,2333.333333333333,839.9999999999999,1.0,1.0,01022023MORB03,morrumbene,f,shrimp_net,shrimp_net,1.0
267,56,lipandzi,mavbandzi,Camarao,Penaeidae,Penaeidae,crustacean,prawns,1.0,1.5,mod,0.3333333333333333,0.2333333333333333,8.0,8.0,2.0,1.0,32.0,16.0,0.0,0.0,0.0,0.0,0.0,0.0,0.0,0.0,0.0,0.0,0.0,0.0,07022023CUGB07,kuguana,m,fence_trap,fish,1.0
225,60,litewo,matewo,,Pinna muricata,Pinnidae,mollusc,bivalve,1.0,3.0,high,0.2,0.3,6.0,7.0,2.625,3.15,31.499999999999996,44.099999999999994,2159.9999999999995,3359.9999999999995,899.9999999999999,1259.9999999999998,0.0,0.0,3059.9999999999995,4619.999999999999,7563.999999999999,17819.999999999996,0.4045478582760444,0.25925925925925924,18022023ILHB02,ilha,f,glean,glean,2.0
34,60,litewo,matewo,,Pinna muricata,Pinnidae,mollusc,bivalve,1.0,3.0,high,0.3,0.5333333333333333,8.0,7.0,1.75,0.875,28.0,12.25,4320.0,1680.0,0.0,0.0,0.0,0.0,4320.0,1680.0,31748.571428571428,3360.0,0.13606911447084233,0.5,09032023JOSB08,josina_machel,f,glean,glean,2.0
48,60,litewo,matewo,,Pinna muricata,Pinnidae,mollusc,bivalve,1.0,3.0,high,0.2333333333333333,0.1333333333333333,4.0,4.0,1.0499999999999998,0.7,8.399999999999999,5.6,519.9999999999999,320.0,0.0,0.0,0.0,0.0,519.9999999999999,320.0,3160.0,773.3333333333333,0.16455696202531642,0.4137931034482759,04022023CHAB06,chamane,f,glean,glean,2.0
234,60,litewo,matewo,,Pinna muricata,Pinnidae,mollusc,bivalve,1.0,3.0,high,0.2666666666666666,0.2333333333333333,13.0,13.0,0.35,1.4,9.1,36.4,909.9999999999999,2912.0,249.6,998.4,0.0,0.0,1159.6,3910.4,3610.5333333333333,15331.733333333334,0.3211713874219875,0.2550527011514245,19022023ILHB08,ilha,f,glean,glean,2.0
1,60,litewo,matewo,,Pinna muricata,Pinnidae,mollusc,bivalve,1.0,3.0,high,0.3333333333333333,0.3333333333333333,4.0,4.0,0.7,0.7,5.6,5.6,266.66666666666663,266.66666666666663,170.66666666666666,170.66666666666666,0.0,280.0,437.33333333333326,437.33333333333326,1070.6666666666665,1350.6666666666665,0.4084682440846824,0.32379072063178677,16022023NHMUB05,nhamua,f,glean,glean,2.0
12,60,litewo,matewo,,Pinna muricata,Pinnidae,mollusc,bivalve,1.0,3.0,high,0.1666666666666666,0.3333333333333333,3.0,3.0,1.75,1.0499999999999998,10.5,6.3,159.99999999999994,612.0,700.0,89.99999999999999,6000.0,6000.0,860.0,702.0,11973.333333333332,7700.666666666666,0.07182628062360802,0.09116093844688772,13022023NHMUB03,nhamua,m,glean,glean,2.0
35,61,livalo,mavalo,ostra,Margaritidae,Margaritidae,mollusc,bivalve,1.0,3.0,high,0.5333333333333333,0.4666666666666667,8.0,7.0,12.0,0.875,192.0,12.25,27428.571428571428,1680.0,0.0,0.0,0.0,0.0,27428.571428571428,1680.0,31748.571428571428,3360.0,0.8639308855291576,0.5,09032023JOSB08,josina_machel,f,glean,glean,2.0
23,61,livalo,mavalo,ostra,Margaritidae,Margaritidae,mollusc,bivalve,1.0,3.0,high,0.0666666666666666,0.2333333333333333,8.0,8.0,,8.75,,140.0,0.0,16000.0,0.0,0.0,0.0,0.0,0.0,16000.0,11700.0,29000.0,0.0,0.5517241379310345,15022023JOSB02,josina_machel,m,diving,fish,2.0
226,61,livalo,mavalo,ostra,Margaritidae,Margaritidae,mollusc,bivalve,1.0,3.0,high,0.3,0.1666666666666666,4.0,6.0,1.9249999999999998,5.25,15.399999999999999,62.99999999999999,1056.0,4799.999999999998,440.0,1799.9999999999998,0.0,0.0,1496.0,6599.999999999998,7563.999999999999,17819.999999999996,0.19777895293495507,0.37037037037037035,18022023ILHB02,ilha,f,glean,glean,2.0
25,61,livalo,mavalo,ostra,Margaritidae,Margaritidae,mollusc,bivalve,1.0,3.0,high,0.2,0.3333333333333333,0.0,3.0,,1.75,,10.5,0.0,959.9999999999999,0.0,0.0,0.0,0.0,0.0,959.9999999999999,2133.333333333333,1560.0,0.0,0.6153846153846153,15022023JOSB03,josina_machel,m,glean,glean,2.0
13,61,livalo,mavalo,ostra,Margaritidae,Margaritidae,mollusc,bivalve,1.0,3.0,high,0.1666666666666666,0.3333333333333333,3.0,3.0,1.2249999999999999,0.7,7.35,4.199999999999999,384.9999999999999,311.99999999999994,419.99999999999994,299.99999999999994,6000.0,6000.0,804.9999999999998,611.9999999999999,11973.333333333332,7700.666666666666,0.0672327394209354,0.07947363864600467,13022023NHMUB03,nhamua,m,glean,glean,2.0
2,61,livalo,mavalo,ostra,Margaritidae,Margaritidae,mollusc,bivalve,1.0,3.0,high,0.2333333333333333,0.2333333333333333,4.0,4.0,0.875,0.875,7.0,7.0,500.0,500.0,133.33333333333331,133.33333333333331,0.0,280.0,633.3333333333333,633.3333333333333,1070.6666666666665,1350.6666666666665,0.5915317559153176,0.46890424481737414,16022023NHMUB05,nhamua,f,glean,glean,2.0
235,61,livalo,mavalo,ostra,Margaritidae,Margaritidae,mollusc,bivalve,1.0,3.0,high,0.2333333333333333,0.5333333333333333,13.0,13.0,0.7,3.5,18.2,91.0,2080.0,8666.666666666666,370.93333333333334,1854.6666666666667,0.0,0.0,2450.9333333333334,10521.333333333332,3610.5333333333333,15331.733333333334,0.6788286125780125,0.6862455212717848,19022023ILHB08,ilha,f,glean,glean,2.0
178,63,nhamunhe,,Amêijoa,Tapes literatus,Veneridae,mollusc,bivalve,1.0,0.0,none,0.3333333333333333,0.3333333333333333,4.0,6.0,0.5,0.25,4.0,3.0,80.0,40.0,0.0,0.0,0.0,0.0,80.0,40.0,380.0,1840.0,0.21052631578947367,0.021739130434782608,04032023NGUB02,nguja,f,glean,glean,2.0
164,63,nhamunhe,,Amêijoa,Tapes literatus,Veneridae,mollusc,bivalve,1.0,0.0,none,0.2,0.2,3.0,2.0,0.25,1.0,1.5,4.0,60.0,160.0,0.0,0.0,0.0,0.0,60.0,160.0,3230.666666666666,1026.6666666666665,0.018572018159306647,0.15584415584415587,09032023NHCHB08,nhamaxaxa,f,shrimp_net,shrimp_net,2.0
196,64,lihutu,mahutu,Amêijoa,Siliqua polita,Pharidae,mollusc,bivalve,1.0,0.0,none,0.3333333333333333,0.4666666666666667,4.0,4.0,2.5,2.5,20.0,20.0,186.66666666666663,186.66666666666663,0.0,0.0,0.0,0.0,186.66666666666663,186.66666666666663,1631.0,1194.6666666666665,0.11444921316165949,0.15625,01022023MORB02,morrumbene,f,glean,glean,0.0
203,64,lihutu,mahutu,Amêijoa,Siliqua polita,Pharidae,mollusc,bivalve,1.0,0.0,none,0.4333333333333333,0.0,13.0,,1.875,,48.75,,2080.0,0.0,390.0,0.0,0.0,0.0,2470.0,0.0,8823.333333333332,2794.4444444444443,0.27993955421231587,0.0,01022023MOR04,morrumbene,f,glean,glean,0.0
200,64,lihutu,mahutu,Amêijoa,Siliqua polita,Pharidae,mollusc,bivalve,1.0,0.0,none,0.1333333333333333,0.1333333333333333,7.0,2.0,1.25,0.625,17.5,2.5,0.0,0.0,0.0,0.0,0.0,0.0,0.0,0.0,2333.333333333333,839.9999999999999,0.0,0.0,01022023MORB03,morrumbene,f,glean,glean,0.0
129,68,nhanguedwa,nhanguedwa,canivetes,Solenidae,Solenidae,mollusc,bivalve,1.0,0.0,none,0.1,0.0333333333333333,4.0,0.0,1.0,,8.0,,213.33333333333331,0.0,0.0,0.0,0.0,0.0,213.33333333333331,0.0,9082.666666666666,4002.666666666667,0.023487962419260128,0.0,08022023MADB04,madava,f,glean,glean,0.0
250,68,nhanguedwa,nhanguedwa,canivetes,Solenidae,Solenidae,mollusc,bivalve,1.0,0.0,none,0.4333333333333333,0.3333333333333333,7.0,7.0,0.5,0.25,7.0,3.5,1045.3333333333333,653.3333333333333,0.0,0.0,0.0,0.0,1045.3333333333333,653.3333333333333,3786.0,1036.6666666666665,0.27610494805423486,0.6302250803858521,07022023CUGB03,kuguana,f,glean,glean,0.0
204,68,nhanguedwa,nhanguedwa,canivetes,Solenidae,Solenidae,mollusc,bivalve,1.0,0.0,none,0.4,0.5,15.0,5.0,5.0,5.0,150.0,50.0,3000.0,1000.0,2083.333333333332,694.4444444444441,0.0,0.0,5083.333333333332,1694.4444444444441,8823.333333333332,2794.4444444444443,0.5761239138647525,0.6063618290258448,01022023MOR04,morrumbene,f,glean,glean,0.0
147,68,nhanguedwa,nhanguedwa,canivetes,Solenidae,Solenidae,mollusc,bivalve,1.0,0.0,none,0.1,0.1333333333333333,4.0,4.0,1.0,1.0,8.0,8.0,19.2,192.0,0.0,0.0,0.0,0.0,19.2,192.0,2300.8666666666663,1866.9999999999998,0.008344681714136703,0.10283877878950189,08022023MADB08,madava,f,glean,glean,0.0
201,68,nhanguedwa,nhanguedwa,canivetes,Solenidae,Solenidae,mollusc,bivalve,1.0,0.0,none,0.1666666666666666,0.1666666666666666,7.0,2.0,1.25,0.625,17.5,2.5,0.0,0.0,0.0,0.0,0.0,0.0,0.0,0.0,2333.333333333333,839.9999999999999,0.0,0.0,01022023MORB03,morrumbene,f,glean,glean,0.0
197,68,nhanguedwa,nhanguedwa,canivetes,Solenidae,Solenidae,mollusc,bivalve,1.0,0.0,none,0.2,0.2,2.0,2.0,1.5,1.5,6.0,6.0,56.0,56.0,0.0,0.0,0.0,0.0,56.0,56.0,1631.0,1194.6666666666665,0.034334763948497854,0.04687500000000001,01022023MORB02,morrumbene,f,glean,glean,0.0
142,68,nhanguedwa,nhanguedwa,canivetes,Solenidae,Solenidae,mollusc,bivalve,1.0,0.0,none,0.8,0.8,10.0,10.0,2.5,2.0,50.0,40.0,4500.0,3600.0,0.0,0.0,660.0,660.0,4500.0,3600.0,5960.0,4260.0,0.7550335570469798,0.8450704225352113,08022023MADB07,madava,f,glean,glean,0.0
172,69,simbatsani,simbatsani,,Garfarium pectinatum,Veneridae,mollusc,bivalve,1.0,0.0,none,0.7,0.3333333333333333,4.0,6.0,0.25,0.25,2.0,3.0,0.0,0.0,0.0,0.0,0.0,0.0,0.0,0.0,400.0,960.0,0.0,0.0,14022023SAHB05,sahane,f,glean,glean,0.0
169,69,simbatsani,simbatsani,,Garfarium pectinatum,Veneridae,mollusc,bivalve,1.0,0.0,none,0.1666666666666666,0.1666666666666666,10.0,10.0,0.25,0.25,5.0,5.0,0.0,0.0,0.0,0.0,0.0,300.0,0.0,0.0,2400.0,3050.0,0.0,0.0,14022023SAHB03,sahane,f,glean,glean,0.0
170,69,simbatsani,simbatsani,,Garfarium pectinatum,Veneridae,mollusc,bivalve,1.0,0.0,none,0.9,0.9,7.0,4.0,1.5,1.5,21.0,12.0,700.0,400.0,0.0,0.0,0.0,1500.0,700.0,400.0,700.0,1900.0,1.0,0.21052631578947367,14022023SAHB04,sahane,f,glean,glean,0.0
130,70,nhakumbe,,Amêijoa,Serratina capsoides,Tellinidae,mollusc,bivalve,1.0,0.0,none,0.2333333333333333,0.1,4.0,3.0,1.0,1.0,8.0,6.0,0.0,0.0,0.0,0.0,0.0,0.0,0.0,0.0,9082.666666666666,4002.666666666667,0.0,0.0,08022023MADB04,madava,f,glean,glean,0.0
150,71,nhasastani,,Amêijoa,Callista florida,Veneridae,mollusc,bivalve,1.0,3.0,high,0.3,0.0,5.0,,11.25,,112.5,,2250.0,0.0,0.0,0.0,0.0,0.0,2250.0,0.0,2250.0,0.0,1.0,0.0,17022023NHCHB02,nhamaxaxa,f,glean,glean,2.0
165,71,nhasastani,,Amêijoa,Callista florida,Veneridae,mollusc,bivalve,1.0,3.0,high,0.1,0.1,3.0,2.0,0.25,0.25,1.5,1.0,40.0,26.666666666666664,0.0,0.0,0.0,0.0,40.0,26.666666666666664,3230.666666666666,1026.6666666666665,0.012381345439537766,0.025974025974025976,09032023NHCHB08,nhamaxaxa,f,shrimp_net,shrimp_net,2.0
67,74,likolo,makolo,Caracóis,Potamididae,Potamididae,mollusc,gastropod,1.0,0.0,none,0.1666666666666666,0.1666666666666666,2.0,2.0,2.625,2.625,10.5,10.5,0.0,0.0,0.0,0.0,0.0,0.0,0.0,0.0,18326.666666666664,15433.333333333334,0.0,0.0,02022023MARB02,marrambone,f,glean,glean,0.0
77,74,likolo,makolo,Caracóis,Potamididae,Potamididae,mollusc,gastropod,1.0,0.0,none,0.0333333333333333,0.0666666666666666,1.0,1.0,12.0,12.0,24.0,24.0,0.0,0.0,0.0,0.0,0.0,0.0,0.0,0.0,27749.999999999996,28613.333333333332,0.0,0.0,02022023MARB04,marrambone,f,glean,glean,0.0
106,78,togoma,dzitogoma,Caracóis,Volema pyrum,Melongenidae,mollusc,gastropod,1.0,0.0,none,0.5,0.1666666666666666,3.0,2.0,0.875,0.7,5.25,2.8,594.9999999999999,336.0,0.0,0.0,0.0,0.0,594.9999999999999,336.0,1261.6666666666665,471.2,0.47159841479524434,0.7130730050933787,31012023MUCB03,mucucune,f,glean,glean,1.0
68,78,togoma,dzitogoma,Caracóis,Volema pyrum,Melongenidae,mollusc,gastropod,1.0,0.0,none,0.1666666666666666,0.2333333333333333,2.0,2.0,0.875,1.75,3.5,7.0,266.6666666666667,733.3333333333333,0.0,0.0,0.0,0.0,266.6666666666667,733.3333333333333,18326.666666666664,15433.333333333334,0.014550745725718446,0.04751619870410367,02022023MARB02,marrambone,f,glean,glean,1.0
108,78,togoma,dzitogoma,Caracóis,Volema pyrum,Melongenidae,mollusc,gastropod,1.0,0.0,none,0.4,0.0,4.0,,0.875,,7.0,,840.0,0.0,0.0,0.0,0.0,0.0,840.0,0.0,4253.333333333334,15750.0,0.19749216300940436,0.0,31012023MUCB04,mucucune,f,glean,glean,1.0
131,78,togoma,dzitogoma,Caracóis,Volema pyrum,Melongenidae,mollusc,gastropod,1.0,0.0,none,0.2333333333333333,0.1,1.0,1.0,0.5249999999999999,0.5249999999999999,1.0499999999999998,1.0499999999999998,0.0,0.0,0.0,0.0,0.0,0.0,0.0,0.0,9082.666666666666,4002.666666666667,0.0,0.0,08022023MADB04,madava,f,glean,glean,1.0
136,78,togoma,dzitogoma,Caracóis,Volema pyrum,Melongenidae,mollusc,gastropod,1.0,0.0,none,0.1333333333333333,0.1,3.0,5.0,0.5249999999999999,0.7,3.15,7.0,224.99999999999997,600.0,0.0,0.0,200.0,0.0,224.99999999999997,600.0,19945.0,37738.666666666664,0.01128102281273502,0.015898812888637648,08022023MADB05,madava,m,gill_net,fish,1.0
251,78,togoma,dzitogoma,Caracóis,Volema pyrum,Melongenidae,mollusc,gastropod,1.0,0.0,none,0.1,0.1333333333333333,7.0,7.0,0.35,0.175,4.8999999999999995,2.4499999999999997,466.66666666666663,0.0,0.0,0.0,0.0,0.0,466.66666666666663,0.0,3786.0,1036.6666666666665,0.123261137524212,0.0,07022023CUGB03,kuguana,f,glean,glean,1.0
268,78,togoma,dzitogoma,Caracóis,Volema pyrum,Melongenidae,mollusc,gastropod,1.0,0.0,none,0.2333333333333333,0.2333333333333333,10.0,10.0,0.7875,0.7875,15.749999999999998,15.749999999999998,2250.0,2250.0,0.0,0.0,0.0,0.0,2250.0,2250.0,2250.0,2250.0,1.0,1.0,07022023CUGBO8,kuguana,f,glean,glean,1.0
